rev_Mean,mou_Mean,totmrc_Mean,da_Mean,ovrmou_Mean,ovrrev_Mean,vceovr_Mean,datovr_Mean,roam_Mean,rev_Range,mou_Range,totmrc_Range,da_Range,ovrmou_Range,ovrrev_Range,vceovr_Range,datovr_Range,roam_Range,change_mou,change_rev,drop_vce_Mean,drop_dat_Mean,blck_vce_Mean,blck_dat_Mean,unan_vce_Mean,unan_dat_Mean,plcd_vce_Mean,plcd_dat_Mean,recv_vce_Mean,recv_sms_Mean,comp_vce_Mean,comp_dat_Mean,custcare_Mean,ccrndmou_Mean,cc_mou_Mean,inonemin_Mean,threeway_Mean,mou_cvce_Mean,mou_cdat_Mean,mou_rvce_Mean,owylis_vce_Mean,mouowylisv_Mean,iwylis_vce_Mean,mouiwylisv_Mean,peak_vce_Mean,peak_dat_Mean,mou_peav_Mean,mou_pead_Mean,opk_vce_Mean,opk_dat_Mean,mou_opkv_Mean,mou_opkd_Mean,drop_blk_Mean,attempt_Mean,complete_Mean,callfwdv_Mean,callwait_Mean,drop_vce_Range,drop_dat_Range,blck_vce_Range,blck_dat_Range,unan_vce_Range,unan_dat_Range,plcd_vce_Range,plcd_dat_Range,recv_vce_Range,recv_sms_Range,comp_vce_Range,comp_dat_Range,custcare_Range,ccrndmou_Range,cc_mou_Range,inonemin_Range,threeway_Range,mou_cvce_Range,mou_cdat_Range,mou_rvce_Range,owylis_vce_Range,mouowylisv_Range,iwylis_vce_Range,mouiwylisv_Range,peak_vce_Range,peak_dat_Range,mou_peav_Range,mou_pead_Range,opk_vce_Range,opk_dat_Range,mou_opkv_Range,mou_opkd_Range,drop_blk_Range,attempt_Range,complete_Range,callfwdv_Range,callwait_Range,churn,months,uniqsubs,actvsubs,crtcount,new_cell,crclscod,asl_flag,rmcalls,rmmou,rmrev,totcalls,totmou,totrev,adjrev,adjmou,adjqty,avgrev,avgmou,avgqty,avg3mou,avg3qty,avg3rev,avg6mou,avg6qty,avg6rev,REF_QTY,tot_ret,tot_acpt,prizm_social_one,div_type,csa,area,dualband,refurb_new,hnd_price,pre_hnd_price,phones,last_swap,models,hnd_webcap,truck,mtrcycle,rv,occu1,ownrent,lor,dwlltype,marital,mailordr,age1,age2,wrkwoman,mailresp,children,adults,infobase,income,numbcars,cartype,HHstatin,mailflag,solflag,dwllsize,forgntvl,educ1,proptype,pcowner,ethnic,kid0_2,kid3_5,kid6_10,kid11_15,kid16_17,creditcd,car_buy,retdays,eqpdays,Customer_ID
23.9975,219.25,22.5,0.2475,0,0,0,0,0,25.99,244,30,0.99,0,0,0,0,0,-157.25,-18.9975,0.666666667,0,0.666666667,0,6.333333333,0,52.33333333,0,42.33333333,0,45,0,0,0,0,18,0,90.64333333,0,97.17666667,0,0,0,0,58,0,132.6,0,24,0,55.22,0,1.333333333,52.33333333,45,0,0.333333333,2,0,1,0,2,0,7,0,13,0,9,0,0,0,0,12,0,24.22,0,3.11,0,0,0,0,3,0,26.82,0,15,0,54.15,0,1,7,9,0,1,1,61,2,1,,U,A,N,,,,1652,4228,1504.62,1453.44,4085,1602,29.66,83.37,32.69,272,116,30,322,136,38,,1,0,S,,SEAPOR503,NORTHWEST/ROCKY MOUNTAIN AREA,Y,N,149.9899902,29.98999023,2,01/05/2001,2,WCMB,0,0,0,1,O,15,S,S,B,62,0,,R,,1,M,4,3,E,C,,,A,0,,A,Y,N,U,U,U,U,U,Y,New,23,361,1000001
57.4925,482.75,37.425,0.2475,22.75,9.1,9.1,0,0,153.14,1015,133.58,0.99,91,36.4,36.4,0,0,532.25,50.9875,8.333333333,0,1,0,61.33333333,0,263.3333333,0,69,0,193.3333333,0,1.666666667,6.333333333,5.463333333,53,0.333333333,189.3966667,0,55.28,46.33333333,24.21666667,6.333333333,3.696666667,83.66666667,0,75.33333333,0,157,0,169.3433333,0,9.333333333,263.3333333,193.3333333,0,5.666666667,3,0,3,0,58,0,211,0,65,0,154,0,5,19,16.39,51,1,144.98,0,51.26,17,23.7,10,3.86,128,0,96.28,0,72,0,99.96,0,2,211,154,0,4,0,56,1,1,1,N,EA,N,,,,14654,26400,2851.68,2833.88,26367,14624,51.53,479.4,265.89,305,158,40,477,275,48,,,,U,,MILMIL414,CHICAGO AREA,N,N,,149.9899902,7,1/19/2001,6,WC,1,0,1,,,1,S,S,B,30,0,,R,,1,M,5,1,B,C,,,A,0,,,,Z,U,U,U,U,U,Y,UNKNOWN,,240,1000002
16.99,10.25,16.99,0,0,0,0,0,0,0,10,0,0,0,0,0,0,0,-4.25,0,0.333333333,0,0,0,2.666666667,0,9,0,0.333333333,0,6,0,0,0,0,0.333333333,0,5.426666667,0,0,0,0,0,0,5,0,5.193333333,0,1,0,0.233333333,0,0.333333333,9,6,0,0,1,0,0,0,4,0,9,0,1,0,5,0,0,0,0,1,0,1.34,0,0,0,0,0,0,4,0,1.23,0,3,0,0.7,0,1,9,5,0,0,1,58,1,1,,Y,C,N,,,,7903,24385.05333,2155.91,1934.47,24303.05,7888,34.54,433.98,140.86,12,7,17,11,6,17,,,,S,LDD,PITHOM412,GREAT LAKES AREA,N,N,29.98999023,29.98999023,2,9/19/1997,1,NA,0,0,0,2,O,7,S,M,B,40,42,,R,Y,2,M,5,2,,C,,,A,0,,A,Y,N,U,Y,U,U,U,Y,New,,1504,1000003
38,7.5,38,0,0,0,0,0,0,0,13,0,0,0,0,0,0,0,-1.5,0,0,0,0,0,0,0,3.666666667,0,1.333333333,0,3.666666667,0,0,0,0,1.333333333,0,8.41,0,0.413333333,0.333333333,0.256666667,0,0,1.333333333,0,3.38,0,3.666666667,0,5.45,0,0,3.666666667,3.666666667,0,0,0,0,0,0,0,0,1,0,2,0,1,0,0,0,0,2,0,0.93,0,0.62,1,0.77,0,0,2,0,5.07,0,1,0,3.51,0,0,1,1,0,0,0,60,1,1,,Y,B,N,,,,1502,3065,2000.9,1941.81,3035,1479,40.45,63.23,30.81,8,3,38,50,25,40,,,,T,,MILMIL414,CHICAGO AREA,N,N,29.98999023,,1,,1,NA,0,0,0,5,,6,M,M,,26,26,,,Y,4,M,6,1,E,C,,,D,0,,,,U,Y,U,U,U,U,Y,New,,1812,1000004
55.23,570.5,71.98,0,0,0,0,0,0,0,96,0,0,0,0,0,0,0,38.5,0,9.666666667,0,0.666666667,0,77,0,222.3333333,0,94.66666667,0,137,0,8.666666667,15,11.07666667,66,0,285.2333333,0,106.33,14.66666667,10.81666667,0.666666667,0.366666667,97.33333333,0,173.4766667,0,90.33333333,0,218.0866667,0,10.33333333,222.3333333,137,0,0,8,0,1,0,82,0,148,0,27,0,56,0,3,9,9.37,19,0,75.55,0,6.15,5,6.2,2,1.1,30,0,40.46,0,41,0,89.22,0,8,148,56,0,0,0,57,1,1,2,Y,A,N,,,,4485,14028,2181.12,2166.48,13965,4452,38.69,249.38,79.5,558,191,55,586,196,80,,,,U,,NNYSYR315,NEW ENGLAND AREA,Y,N,149.9899902,79.98999023,6,8/24/2000,4,WCMB,0,0,0,1,R,5,M,S,,56,0,,,N,1,M,6,1,A,C,,,O,0,2,,Y,I,U,U,U,U,U,Y,New,,434,1000005
82.275,1312.25,75,1.2375,0,0,0,0,0,15.42,362,0,2.97,0,0,0,0,0,156.75,8.145,52,0,7.666666667,0,76,0,702,0,365,0,577.3333333,0,4.333333333,11,7.753333333,301.6666667,1.333333333,369.5366667,0,200.32,370.3333333,243.2133333,147,85.14666667,555.6666667,0,382.0966667,0,303.6666667,0,187.76,0,59.66666667,702,577.3333333,0,22.66666667,57,0,7,0,45,0,60,0,108,0,50,0,13,33,23.26,88,2,47.68,0,4.62,41,43.25,18,16.39,52,0,13,0,34,0,30.06,0,64,60,50,0,13,0,59,2,2,,Y,C,N,,,,26812,40869,4033.98,3932.9,40295,26362,83.68,857.34,560.89,1260,960,80,1187,853,78,,,,U,,PITHOM412,GREAT LAKES AREA,N,N,129.9899902,9.989997864,9,9/30/2000,4,WCMB,0,0,0,,O,1,,S,B,30,0,,R,,1,M,6,1,,C,,,,0,,,,U,U,U,U,U,U,Y,New,,458,1000006
17.145,0,16.99,0,0,0,0,0,0,0.31,0,0,0,0,0,0,0,0,0,-0.155,0,0,0,0,0,0,0,0,0,0,0,0,0,0,0,0,0,0,0,0,0,0,0,0,0,0,0,0,0,0,0,0,0,0,0,0,0,0,0,0,0,0,0,0,0,0,0,0,0,0,0,0,0,0,0,0,0,0,0,0,0,0,0,0,0,0,0,0,0,0,0,0,0,0,1,53,2,2,1,N,A,N,,,,6279,17390.03333,3091.7,3065.24,17371.03,6271,58.95,334.06,120.6,0,0,17,0,0,17,,,,C,,OKCTUL918,DALLAS AREA,Y,N,29.98999023,9.989997864,4,3/17/1999,3,NA,0,0,0,2,O,8,S,M,B,46,54,,R,N,3,M,9,,,I,,,A,0,3,A,Y,N,U,U,U,U,U,Y,UNKNOWN,,852,1000007
38.0525,682.5,52.49,0.2475,0,0,0,0,0,10,370,10,0.99,0,0,0,0,0,147.5,-3.0625,9,0,1.666666667,0,13,0,97,0,13,0,73.33333333,0,0.666666667,5.333333333,5.276666667,5,0,470.0233333,0,42.19666667,6.666666667,6.23,0,0,33.33333333,0,81.06666667,0,53,0,431.1533333,0,10.66666667,97,73.33333333,0,0.666666667,16,0,1,0,14,0,68,0,8,0,38,0,2,16,15.83,2,0,251.66,0,25.03,3,5.78,0,0,23,0,94.63,0,22,0,168.2,0,17,68,38,0,1,0,53,1,1,1,Y,B,N,,,,4491,12492,1427.71,1423.06,12439,4470,34.71,303.39,109.02,633,96,39,719,112,58,,,,,,OKCTUL918,DALLAS AREA,Y,N,79.98999023,29.98999023,3,11/27/2000,2,WCMB,0,0,0,,R,0,S,M,,28,0,,,N,2,M,1,2,,C,,,A,1,3,,,S,U,U,U,U,U,Y,New,,231,1000008
97.3375,1039,50,4.95,419.5,41.95,41.95,0,0,46.32,415,0,13.86,332,33.2,33.2,0,0,198,23.2625,12.66666667,0,3,0,176,0,533.6666667,0,96,0,346.6666667,0,11.33333333,13.66666667,6.25,45,0.333333333,460.92,0,213.8533333,103.3333333,54.71333333,0.333333333,0.056666667,238.3333333,0,377.4533333,0,192.3333333,0,297.32,0,15.66666667,533.6666667,346.6666667,0,4,21,0,5,0,37,0,52,0,66,0,35,0,8,12,5.74,30,1,51.27,0,160.65,30,20.53,1,0.17,39,0,133.06,0,102,0,148.77,0,22,52,35,0,4,0,55,1,1,3,Y,B,N,,,,16730,43231.05333,4404.44,4313.71,42943.05,16579,81.39,810.25,312.81,973,465,90,915,434,90,,,,S,,MILMIL414,CHICAGO AREA,Y,N,29.98999023,9.989997864,3,10/17/1999,3,NA,0,0,0,5,,3,M,M,,38,24,,,,3,M,4,1,E,C,,,E,0,,,,F,U,U,U,U,U,N,New,,700,1000009
31.6625,25.5,29.99,0.2475,0,0,0,0,0,5.7,83,0,0.99,0,0,0,0,0,59.5,4.0275,0,0,1,0,2.333333333,0,6.666666667,0,0,0,3.333333333,0,0,0,0,0,0,3.8,0,0,0,0,0,0,1.666666667,0,1.866666667,0,1.666666667,0,1.933333333,0,1,6.666666667,3.333333333,0,0,0,0,2,0,5,0,7,0,0,0,3,0,0,0,0,0,0,3.94,0,0,0,0,0,0,3,0,3.74,0,5,0,5.8,0,2,7,3,0,0,0,57,2,2,1,N,A,N,,,,391,994,1458.42,1457.84,976,377,26.51,17.75,6.85,6,3,30,54,7,34,,,,C,,OKCTUL918,DALLAS AREA,Y,N,79.98999023,29.98999023,2,03/10/2000,2,WCMB,0,0,0,C,O,8,S,M,B,52,58,,R,N,2,M,9,2,,I,,,A,1,2,A,,N,U,U,U,U,U,Y,New,,601,1000010
62.1275,97.5,65.985,2.475,0,0,0,0,0,30.26,217,23.98,5.94,0,0,0,0,0,23.5,6.8225,0,0,0.333333333,0,4,0,19.33333333,0.333333333,0,0,15,0.333333333,4,98.66666667,96.92,0,0,136.4933333,0.056666667,0,3.666666667,15.36666667,0,0,7.666666667,0.333333333,66.07333333,0.056666667,7.333333333,0,70.42,0,0.333333333,19.66666667,15.33333333,0,0,0,0,1,0,3,0,10,1,0,0,12,1,6,148,145.38,0,0,113.93,0.17,0,5,10.36,0,0,14,1,26.18,0.17,2,0,87.75,0,1,11,13,0,0,0,59,2,2,,Y,A,N,,,,2392,6868.11,3290.73,3195.01,6620.11,2312,56.05,116.14,40.56,90,16,60,123,32,64,,,,C,LDD,OKCOKC405,DALLAS AREA,Y,N,79.98999023,29.98999023,3,9/24/2000,3,WCMB,0,0,0,1,O,15,S,S,B,46,46,,R,Y,5,M,6,,,C,,,A,0,,A,,N,Y,U,U,U,U,Y,UNKNOWN,,464,1000011
35.295,24.25,34.98,0,0,0,0,0,0,0.63,39,0,0,0,0,0,0,0,19.75,-0.315,0,0,0,0,1,0,9,0,3,0,8,0,0,0,0,2.333333333,0,5.533333333,0,2.386666667,4,2.926666667,1.666666667,1.516666667,9.333333333,0,7.17,0,1.666666667,0,0.75,0,0,9,8,0,0,0,0,0,0,2,0,11,0,0,0,12,0,0,0,0,1,0,8.76,0,1.84,5,4.07,1,1.87,9,0,7.92,0,4,0,1.68,0,0,11,12,0,0,0,53,3,3,,Y,A,N,,,,3207,5579.136667,3104.16,2796.06,5358.14,3087,54.82,105.06,60.53,18,13,36,36,26,36,,,,C,,SANMCA210,CENTRAL/SOUTH TEXAS AREA,N,N,79.98999023,79.98999023,4,1/19/2000,3,WC,0,0,0,,O,4,S,A,,36,34,,,Y,3,M,9,,,,,,A,0,,A,,N,U,U,Y,Y,U,Y,New,,544,1000012
81,1056.25,75,0,0,0,0,0,0,5.75,233,0,0,0,0,0,0,0,42.75,2.35,0,0,0,0,0,0,0,0,0,0,0,0,0,0,0,0,0,0,0,0,0,0,0,0,0,0,0,0,0,0,0,0,0,0,0,0,0,0,0,0,0,0,0,0,0,0,0,0,0,0,0,0,0,0,0,0,0,0,0,0,0,0,0,0,0,0,0,0,0,0,0,0,0,0,0,55,1,1,1,Y,BA,N,,,,31584,51857.07,4270.87,4181.91,51553.07,31397,78.9,972.7,592.4,1042,625,80,999,625,76,,,,U,,PITHOM412,GREAT LAKES AREA,Y,N,199.9899902,29.98999023,9,8/24/2000,5,WCMB,0,0,0,2,O,15,S,S,,46,68,,,,3,M,5,,,B,,,A,0,,A,Y,J,U,U,U,U,U,Y,New,,388,1000013
25.225,2.5,25,0,0,0,0,0,0,0.45,8,0,0,0,0,0,0,0,-2.5,-0.225,0,0,0,0,0.333333333,0,1.333333333,0,0.333333333,0,1,0,0,0,0,0,0,1.306666667,0,1.133333333,0.333333333,0.023333333,0,0,0.666666667,0,2.2,0,0.666666667,0,0.24,0,0,1.333333333,1,0,0,0,0,0,0,1,0,4,0,1,0,3,0,0,0,0,0,0,3.92,0,3.4,1,0.07,0,0,1,0,3.4,0,2,0,0.72,0,0,4,3,0,0,0,53,2,2,,Y,A,N,,,,400,642,1370.94,1323.62,613,385,25.95,12.02,7.55,3,2,25,4,3,25,,,,C,,SANMCA210,CENTRAL/SOUTH TEXAS AREA,Y,N,59.98999023,29.98999023,2,7/27/2000,2,WCMB,1,0,0,,,1,S,U,,0,0,,,,1,M,7,,B,A,,,A,0,,,,N,U,U,U,U,U,N,New,,354,1000014
212.515,1971.5,84.99,2.2275,249.5,99.8,99.8,0,35.4975,283.17,658,0,2.97,701,280.4,280.4,0,74.02,-200.5,-106.765,9,0,0,0,43.66666667,0,344.6666667,0,271.3333333,0,296,0,0.333333333,3.333333333,3.316666667,126.3333333,0,581.2966667,0,718.07,49.33333333,35.16333333,4.666666667,9.263333333,351.6666667,0,864.1733333,0,128.6666667,0,435.1933333,0,9,344.6666667,296,0,1,0,0,0,0,23,0,125,0,124,0,102,0,1,10,9.95,76,0,112.88,0,210.27,28,28.06,4,10.22,137,0,215.59,0,38,0,107.56,0,0,125,102,0,0,0,59,5,1,1,Y,C,N,15,29,10.35,33184,69161.08333,6616.72,6572.7,69104.08,33139,115.31,1212.35,581.39,2038,637,248,1817,576,182,,,,S,,SLCSLC801,NORTHWEST/ROCKY MOUNTAIN AREA,Y,N,149.9899902,79.98999023,10,6/16/2001,6,WCMB,0,0,0,,O,11,S,S,,30,22,,R,Y,3,M,3,2,,I,,,A,0,1,A,Y,N,U,U,Y,U,U,Y,UNKNOWN,,199,1000015
42.565,270.5,37.48,0.2475,6,1.5,1.5,0,0,5.46,369,0,0.99,24,6,6,0,0,201.5,-1.785,3.333333333,0,1.666666667,0,7.666666667,0,67.66666667,0,25.33333333,0,55.33333333,0,1,1.666666667,1.026666667,11.66666667,0,117.8466667,0,57.09333333,11,10.81,3.666666667,4,62.33333333,0,136.7966667,0,18,0,38.14333333,0,5,67.66666667,55.33333333,0,0.333333333,6,0,3,0,7,0,89,0,22,0,74,0,3,5,3.08,14,0,203.11,0,59.04,14,10.61,3,1.39,70,0,194.12,0,26,0,68.03,0,8,89,74,0,1,0,55,2,2,1,N,B,N,,,,7586,15226.03,2311.08,2303.38,15180.03,7560,43.46,286.42,142.64,203,106,43,222,115,41,,,,S,,OKCOKC405,DALLAS AREA,Y,N,79.98999023,29.98999023,5,10/20/1999,4,WCMB,0,0,0,,O,4,M,U,,58,58,Y,,Y,3,M,1,,,,,,,0,,,,N,U,Y,U,U,U,Y,UNKNOWN,,697,1000016
63.0175,440.25,59.98,0,5.75,1.725,1.725,0,1.3125,8.9,89,0,0,23,6.9,6.9,0,3.25,-16.25,0.2125,5,0,0,0,17.33333333,0,138.3333333,0,53,0,118,0,3.666666667,10.66666667,8.27,22,0.333333333,225.0533333,0,93.87666667,0,0,0,0,141.3333333,0,268.56,0,14.33333333,0,50.37,0,5,138.3333333,118,0,1.666666667,2,0,0,0,22,0,59,0,12,0,44,0,3,20,17.59,2,1,108.66,0,10.74,0,0,0,0,29,0,70.52,0,15,0,61.9,0,2,59,44,0,2,0,57,1,1,,N,B,N,0,0,9.99,4078,11330,1739.43,1722.98,11316,4067,50.68,332.82,119.62,446,193,63,429,183,64,,,,T,,SLCSLC801,NORTHWEST/ROCKY MOUNTAIN AREA,N,N,29.98999023,29.98999023,3,5/20/2000,2,WCMB,0,0,0,,O,3,S,U,B,99,0,,R,,2,M,3,1,,C,,,A,0,,,,N,U,U,U,U,U,Y,UNKNOWN,,530,1000017
35.59,153,29.99,0,16,5.6,5.6,0,0,12.95,58,0,0,37,12.95,12.95,0,0,30,7.35,2,0,0.666666667,0,17.33333333,0,53,0,26,0,33.33333333,0,0,0,0,14.66666667,0,50.13333333,0,33.10666667,8,10.94666667,4.666666667,5.253333333,48.33333333,0,77.15333333,0,7,0,6.086666667,0,2.666666667,53,33.33333333,0,0.333333333,0,0,2,0,5,0,3,0,15,0,1,0,0,0,0,11,0,9.44,0,0.07,3,9.17,2,6.13,13,0,1.61,0,6,0,7.9,0,2,3,1,0,1,0,59,3,2,1,N,A,N,,,,7043,12661,2036.85,2013.28,12657,7041,36.61,230.13,128.02,143,76,33,135,73,32,,,,U,,SLCSLC801,NORTHWEST/ROCKY MOUNTAIN AREA,N,N,79.98999023,199.9899902,6,11/14/2001,5,WC,1,0,1,,O,7,S,S,B,46,0,,R,Y,5,M,4,,B,C,N,,A,0,,,,N,U,U,U,U,Y,Y,UNKNOWN,,48,1000018
55.27,1212.75,49.99,0.7425,0,0,0,0,1.285,5.07,311,0,1.98,0,0,0,0,2.73,169.25,0.99,2.666666667,0,6,0,43.66666667,0,225,0,121.6666667,0,173.6666667,0,4.333333333,9.666666667,7.5,43,0,456.98,0,490.1266667,50.66666667,50.00666667,8.333333333,18.40666667,189.3333333,0,593.0866667,0,105,0,354.02,0,8.666666667,225,173.6666667,0,4.333333333,7,0,3,0,46,0,208,0,86,0,155,0,5,11,9.83,47,0,208.52,0,63.34,61,66.36,13,35.52,119,0,126.98,0,119,0,346.16,0,10,208,155,0,6,0,52,1,1,,N,A,N,,,,8468,23835,1935.97,1914.23,23524,8378,47.86,588.1,209.45,1156,254,55,1031,248,55,,,,S,LDD,OKCTUL918,DALLAS AREA,Y,N,29.98999023,9.989997864,4,06/03/2000,4,WC,0,0,0,,O,10,S,B,B,58,0,,R,,1,M,3,1,,C,,,A,0,,,,N,U,U,U,U,U,Y,UNKNOWN,,408,1000019
50.965,162,69.99,0,2.5,0.975,0,0.975,0,3.9,88,0,0,10,3.9,0,3.9,0,-58,-0.975,1.666666667,0,0.333333333,0,9,0,60.66666667,1.333333333,14,0,50,1.333333333,0.333333333,0.333333333,0.276666667,7,0,65.24666667,2.373333333,38.37333333,34.33333333,17.40666667,5.666666667,11.69,19.33333333,0,37.26666667,0,42.33333333,1.333333333,66.35333333,2.373333333,2,62,51.33333333,0,0,3,0,1,0,12,0,21,4,13,0,15,4,1,1,0.83,8,0,53.45,7.12,34.12,16,17.95,5,8.45,15,0,31.58,0,6,4,27.61,7.12,4,25,19,0,0,0,56,1,1,,Y,B,N,,,,1319,4531.016667,1348.33,1276,4504.02,1306,42.53,150.13,43.53,181,63,51,240,62,51,,,,U,,MILMIL414,CHICAGO AREA,Y,N,129.9899902,9.989997864,4,2/21/2001,3,WCMB,0,0,0,,R,15,S,S,B,30,30,Y,R,Y,4,M,1,2,E,C,,,A,0,1,,Y,S,U,U,Y,Y,Y,N,UNKNOWN,,253,1000020
172.44,1978,99.99,0,362.25,72.45,72.45,0,0,191.8,1797,0,0,959,191.8,191.8,0,0,-1007,-72.45,7.333333333,0,18,0,114.3333333,0,760.3333333,0,157.6666667,0,622,0,0.333333333,1,0.94,69,0.666666667,1397.513333,0,515.2333333,22.66666667,22.08666667,2.666666667,8.476666667,718,0,1797.173333,0,60.33333333,0,115.5766667,0,25.33333333,760.3333333,622,0,20.33333333,7,0,3,0,43,0,49,0,17,0,3,0,1,3,2.82,9,1,224.69,0,10.97,17,18.89,8,25.43,6,0,243.71,0,13,0,8.06,0,4,49,3,0,1,1,58,2,1,,U,A,N,,,,28477,79406.01667,6751.7,6472.05,78927.02,28359,115.57,1409.41,506.41,2314,862,197,2192,810,163,,1,0,U,LDD,LOULOU502,TENNESSEE AREA,Y,N,149.9899902,149.9899902,4,08/11/2001,3,WCMB,1,0,1,3,O,7,S,U,B,48,32,Y,R,,2,M,6,1,B,C,,,A,0,1,,,Z,U,U,U,U,U,Y,New,5,143,1000021
60.185,1424.5,56.25,0.2475,0,0,0,0,0,74.24,1698,75,0.99,0,0,0,0,0,-1134.5,-55.185,23.66666667,0,0,0,11.66666667,0,47.33333333,0,646,0,33.33333333,0,0.333333333,0.666666667,0.593333333,285.3333333,0,44.04,0,939.3466667,7.666666667,11.76666667,39,58.91333333,459.6666667,0,692.0166667,0,174.6666667,0,291.3733333,0,23.66666667,47.33333333,33.33333333,0,5.666666667,11,0,0,0,1,0,30,0,628,0,27,0,1,2,1.78,322,0,32.36,0,899.24,8,7.78,44,58.96,470,0,656.47,0,144,0,264.5,0,11,30,27,0,11,1,54,1,1,1,U,D,N,,,,79038,117808.04,6005.39,5935.58,117230.04,78664,114.15,2254.42,1512.77,1803,1290,78,1720,1226,91,,1,0,S,,SEAPOR503,NORTHWEST/ROCKY MOUNTAIN AREA,N,N,129.9899902,129.9899902,13,04/07/2001,6,WCMB,1,0,1,,,13,M,A,B,50,52,,R,,3,M,5,3,B,C,,,J,0,,,,U,U,U,U,U,U,Y,UNKNOWN,8,162,1000022
244.0975,1771.5,99.99,6.1875,546.25,136.5625,136.5625,0,0.39,139.49,677,0,2.97,578,144.5,144.5,0,0.78,397.5,82.1325,28.66666667,0,1.333333333,0,31,0,323.6666667,0,276.3333333,0,276.3333333,0,0,0,0,134.3333333,0,591.74,0,680.1266667,71,109.3333333,29.66666667,167.88,435.6666667,0,1181.4,0,36.33333333,0,90.46666667,0,30,323.6666667,276.3333333,0,11.33333333,25,0,4,0,16,0,139,0,83,0,108,0,0,0,0,37,0,234.24,0,248.85,26,32.68,50,264.81,152,0,396.17,0,32,0,58.34,0,29,139,108,0,22,1,52,1,1,1,N,A,N,,,,27530,64174.80667,7419.73,7341.87,63886.81,27398,143.96,1252.68,537.22,1639,601,217,1393,519,163,,,,T,LDD,SEAPOR503,NORTHWEST/ROCKY MOUNTAIN AREA,Y,N,149.9899902,149.9899902,8,7/31/2000,6,WCMB,0,0,0,,,,,U,,0,0,,,,,,,,,,,,,0,,,,J,U,U,U,U,U,N,UNKNOWN,,350,1000023
30.205,360,29.99,0,0.25,0.065,0.065,0,0,0.6,240,0,0,1,0.26,0.26,0,0,-105,-0.215,8.666666667,0,2.333333333,0,19.33333333,0,95.66666667,0,75,0,68.33333333,0,0,0,0,36.66666667,0,103.79,0,160.8566667,34.33333333,33.68,15,29.63333333,71.33333333,0,129.32,0,62.33333333,0,135.33,0,11,95.66666667,68.33333333,0,0.333333333,12,0,7,0,12,0,10,0,14,0,17,0,0,0,0,19,0,58.11,0,6.03,4,13.12,12,23.02,26,0,50.96,0,8,0,55.18,0,19,10,17,0,1,1,54,1,1,,Y,G,N,,,,5145,10451.09667,1122.8,1089.25,10356.1,5084,29.44,279.89,137.41,395,187,30,486,192,33,,,,U,,SLCSLC801,NORTHWEST/ROCKY MOUNTAIN AREA,Y,N,79.98999023,29.98999023,4,12/04/1999,3,WCMB,1,0,1,2,O,15,S,M,B,54,52,,R,N,4,M,5,1,C,,,,A,0,1,A,Y,N,U,U,U,U,U,Y,New,,652,1000024
25.4925,299.5,24.99,0,0.75,0.2775,0.2775,0,0,1.56,139,0,0,3,1.11,1.11,0,0,-47.5,-0.5025,2,0,0.666666667,0,14.33333333,0,74,0,47,0,57.66666667,0,1,1.666666667,1.2,25.66666667,0.333333333,174.25,0,77.48666667,6.333333333,7.38,5,9.823333333,45.66666667,0,83.17333333,0,52.33333333,0,168.5633333,0,2.666666667,74,57.66666667,0,0.333333333,4,0,1,0,11,0,51,0,38,0,37,0,3,5,3.6,23,1,37.61,0,22.09,11,11.94,8,11.72,29,0,43.18,0,42,0,12.91,0,5,51,37,0,1,0,52,2,2,3,Y,B,N,,,,4761,14984,1312.65,1297.63,14983,4760,25.44,293.78,93.33,315,128,26,292,97,26,,,,C,,SLCSLC801,NORTHWEST/ROCKY MOUNTAIN AREA,Y,N,59.98999023,29.98999023,2,6/25/1999,2,WCMB,0,0,0,,O,0,S,M,,0,0,,,,1,M,6,,,A,,,A,0,,,,N,U,U,U,U,U,N,UNKNOWN,,752,1000025
29.99,47,29.99,0,0,0,0,0,0,0,39,0,0,0,0,0,0,0,14,0,0.333333333,0,0,0,2.333333333,0,26.33333333,0,2,0,23.66666667,0,0,0,0,1.666666667,0,23.06,0,1.04,10,5.796666667,1.666666667,1.04,22,0,16.83666667,0,3.333333333,0,7.263333333,0,0.333333333,26.33333333,23.66666667,0,0,1,0,0,0,2,0,14,0,2,0,12,0,0,0,0,2,0,35.75,0,2.12,11,6.66,1,2.12,10,0,14.02,0,8,0,20.99,0,1,14,12,0,0,0,54,3,3,,Y,A,N,,,,2048,3896,1614.8,1588.22,3848,2019,31.76,76.96,40.38,42,27,30,64,31,31,,,,C,,SLCSLC801,NORTHWEST/ROCKY MOUNTAIN AREA,Y,N,59.98999023,29.98999023,3,2/21/2000,3,WCMB,0,0,0,,O,,M,U,B,52,50,,R,,2,M,9,2,,C,,,,0,,,,M,U,U,U,U,U,Y,New,,573,1000026
51.025,382.25,48.79,1.485,0.75,0.075,0.075,0,0,7.12,377,4.84,1.98,3,0.3,0.3,0,0,226.75,2.695,19.66666667,0,3.666666667,0,34.66666667,0,175.6666667,0,84,0,124.6666667,0,0.666666667,0.666666667,0.033333333,47.33333333,0,151.33,0,104.2333333,5,5.833333333,0,0,110.6666667,0,135.0766667,0,72,0,120.4866667,0,23.33333333,175.6666667,124.6666667,0,4.333333333,28,0,4,0,28,0,157,0,61,0,104,0,2,2,0.1,34,0,95.59,0,84.23,9,9.98,0,0,68,0,69.88,0,72,0,115.81,0,32,157,104,0,7,1,52,1,1,,Y,B,N,,,,13600,30020.16,3513.41,3410.02,29860.16,13535,71.04,622.09,281.98,307,174,50,352,218,50,,,,S,LDD,SLCSLC801,NORTHWEST/ROCKY MOUNTAIN AREA,N,N,29.98999023,29.98999023,3,10/24/2000,2,WC,0,0,0,,O,1,M,M,,34,46,,,Y,2,M,9,1,F,C,,,C,0,,,Y,N,U,U,U,U,Y,Y,UNKNOWN,,265,1000027
37.6625,971.75,35.99,0.2475,4.75,1.425,1.425,0,0,4.5,219,0,0.99,15,4.5,4.5,0,0,25.25,-1.6725,4,0,0,0,42.66666667,0,343,0,99.33333333,0,297.6666667,0,0,0,0,48.66666667,0,509.8,0,244.6433333,20,20.48333333,8,26.29666667,206.3333333,0,367.47,0,170.3333333,0,386.9733333,0,4,343,297.6666667,0,0,3,0,0,0,53,0,45,0,26,0,7,0,0,0,0,5,0,97.62,0,191.42,9,1.52,3,2.77,2,0,8.61,0,50,0,85.19,0,3,45,7,0,0,0,58,1,1,2,Y,A,N,,,,8893,16916,1944.11,1906.69,16904,8887,41.45,367.48,193.2,963,376,38,932,377,53,,1,1,U,,PITHOM412,GREAT LAKES AREA,Y,N,149.9899902,29.98999023,2,10/06/2000,2,WCMB,0,0,0,,,,M,S,,60,0,,,,2,M,1,1,,G,,,,0,,,,H,U,U,U,U,U,Y,UNKNOWN,449,452,1000028
98.4225,608,94.99,1.2375,41.5,12.195,7.125,5.07,0,33,768,0,1.98,123,32.01,28.5,10.92,0,-563,-12.4425,8.666666667,0,0.333333333,0,70.66666667,0,273.3333333,11.33333333,55,0,194.6666667,11.33333333,0,0,0,34.33333333,1,387.3466667,9.54,57.21,24.66666667,28.87666667,6.666666667,7.15,146.6666667,11.33333333,293.4966667,9.54,89.66666667,0,151.06,0,9,284.6666667,206,0,4.666666667,17,0,1,0,70,0,233,7,52,0,159,7,0,0,0,39,3,265.14,1.37,44.85,20,32.12,11,12.02,106,7,156.62,1.37,105,0,153.37,0,17,232,158,0,3,1,56,5,4,,N,A,N,,,,17915,42715,3829.33,3530.39,42354,17729,65.38,784.33,328.31,796,316,103,827,341,101,,,,S,,NNYSYR315,NEW ENGLAND AREA,Y,R,99.98999023,149.9899902,5,05/02/2001,3,WCMB,0,0,0,,O,10,M,B,,54,0,,,,1,M,6,2,,C,,,,0,,,,G,U,U,U,U,U,Y,UNKNOWN,,183,1000029
30.26,34.5,29.99,0,0,0,0,0,0,0.54,58,0,0,0,0,0,0,0,32.5,-0.27,0,0,0,0,0.666666667,0,14,0,1,0,13.33333333,0,0,0,0,0.666666667,0,16.11333333,0,0.52,0.333333333,0.906666667,0,0,14.33333333,0,16.63333333,0,0,0,0,0,0,14,13.33333333,0,0,0,0,0,0,2,0,21,0,2,0,21,0,0,0,0,1,0,30.01,0,1.54,1,2.72,0,0,22,0,30.03,0,0,0,0,0,0,21,21,0,0,0,52,1,1,,Y,B,N,,,,3745,6020,2204.39,2152.22,5959,3703,43.04,119.18,74.06,24,13,31,19,11,31,,,,C,,SANMCA210,CENTRAL/SOUTH TEXAS AREA,Y,N,59.98999023,29.98999023,2,8/31/2000,2,WCMB,0,0,0,,,,,U,,0,0,,,,,,,,,,,,,0,,,,S,U,U,U,U,U,N,UNKNOWN,,319,1000030
24.49,41.75,16.99,0,9.5,9.0425,8.75,0.2925,0,41.34,120,0,0,37,35.78,35,0.78,0,81.25,29.93,0,0,0,0,0,0,3.333333333,0,0.333333333,0,3.333333333,0,0,0,0,0.333333333,0,5.74,0,0,0,0,0,0,3,0,5.086666667,0,0.666666667,0,0.653333333,0,0,3.333333333,3.333333333,0,0,0,0,0,0,0,0,4,0,1,0,4,0,0,0,0,1,0,8.28,0,0,0,0,0,0,6,0,9.26,0,1,0,0.98,0,0,4,4,0,0,1,58,2,1,,N,A,N,,,,3195,8864.016667,2028.12,2031.06,8796.02,3156,36.27,157.07,56.36,15,7,14,17,8,14,,,,C,LDD,KCYKCK913,MIDWEST AREA,Y,N,129.9899902,29.98999023,3,11/17/1999,3,WCMB,0,0,0,,O,1,S,B,,36,0,,,,1,M,9,,,B,,,A,0,,,,N,U,U,U,U,U,N,UNKNOWN,,776,1000031
30,94,30,0,0,0,0,0,0,0,92,0,0,0,0,0,0,0,-54,0,2,0,1.666666667,0,5.333333333,0,41.66666667,0,13,0,34.33333333,0,0,0,0,5,0,49.76333333,0,19.50666667,1,9.843333333,0,0,26.33333333,0,45.40333333,0,19.33333333,0,23.86666667,0,3.666666667,41.66666667,34.33333333,0,0,6,0,4,0,6,0,18,0,6,0,12,0,0,0,0,5,0,6.92,0,11.47,2,20.9,0,0,14,0,20.37,0,13,0,29.35,0,10,18,12,0,0,0,54,1,1,,Y,C,N,,,,1665,3256,1615.61,1554.93,3226,1656,29.9,62.04,31.85,112,65,30,108,63,31,,,,R,,SANMCA210,CENTRAL/SOUTH TEXAS AREA,N,R,9.989997864,29.98999023,2,11/21/1997,2,NA,1,0,1,,O,4,S,U,,42,40,,,N,5,M,3,,C,,,,A,0,1,,Y,H,U,U,U,U,U,Y,New,,1395,1000032
35.5525,138.75,34.99,0.2475,0,0,0,0,0,1.62,265,0,0.99,0,0,0,0,0,-10.75,-0.5625,0,0,0.666666667,0,3.333333333,0,22.33333333,0,24.33333333,0,18.33333333,0,0,0,0,13,0,34.63333333,0,72.50666667,3.666666667,1.66,0.333333333,1.11,27.33333333,0,71.67666667,0,15.33333333,0,35.46333333,0,0.666666667,22.33333333,18.33333333,0,0.333333333,0,0,2,0,6,0,40,0,37,0,32,0,0,0,0,21,0,66.43,0,138.02,6,3.05,1,3.33,45,0,110.38,0,24,0,65.11,0,2,40,32,0,1,0,52,1,1,,N,A,N,,,,4178,9279,1830.13,1830.13,9194,4120,36.6,183.88,82.4,142,57,36,134,57,37,,,,S,LDD,OKCOKC405,DALLAS AREA,Y,N,149.9899902,29.98999023,4,10/27/1999,3,WCMB,0,0,0,1,O,7,S,M,B,40,0,,R,Y,1,M,5,,,C,,,A,0,,A,,N,U,U,Y,U,U,Y,UNKNOWN,,628,1000033
21.15,45.5,16.99,0,14,4.16,3.77,0.39,0,16.35,79,0,0,55,16.35,14.79,1.56,0,-15.5,-4.16,1.333333333,0,3,0,7.333333333,0,32,0.333333333,0.666666667,0,20.33333333,0.333333333,0,0,0,0.333333333,0,32.59,1.29,2.276666667,0,0,0.333333333,0.066666667,7,0,8.953333333,0,14,0.333333333,25.91333333,1.29,4.333333333,32.33333333,20.66666667,0,0,2,0,3,0,4,0,9,1,2,0,4,1,0,0,0,1,0,54.9,3.87,6.83,0,0,1,0.2,3,0,8.26,0,3,1,53.47,3.87,1,10,5,0,0,0,58,1,1,1,Y,A,N,,,,657,1522,1174.43,929.35,1502,646,16.9,27.31,11.75,51,18,22,36,14,20,,,,T,LDD,KCYNEW316,MIDWEST AREA,T,N,99.98999023,29.98999023,2,8/16/2001,2,WCMB,0,0,0,2,O,15,S,M,B,74,74,,R,N,2,M,7,,,C,,N,A,1,,A,,N,U,U,U,U,U,Y,New,,138,1000034
28.5,65.75,30,0,0,0,0,0,0,0,80,0,0,0,0,0,0,0,41.25,0,0.333333333,0,0,0,1.333333333,0,17.33333333,0,24.33333333,0,16,0,0,0,0,13.66666667,0,15.1,0,25.95333333,4.333333333,3.693333333,0,0,31.66666667,0,32.44333333,0,6.333333333,0,8.61,0,0.333333333,17.33333333,16,0,0.333333333,1,0,0,0,4,0,25,0,14,0,21,0,0,0,0,6,0,18.18,0,24.48,1,0.67,0,0,34,0,40.47,0,3,0,10.65,0,1,25,21,0,1,0,56,2,1,,N,A,N,,,,3897,6246.02,1873.74,1837.18,6207.02,3879,34.02,114.94,71.83,52,30,29,84,47,29,,,,S,LDD,SLCSLC801,NORTHWEST/ROCKY MOUNTAIN AREA,Y,N,29.98999023,29.98999023,2,4/29/1999,2,WC,1,1,0,,O,7,M,A,,48,54,,,Y,6,M,9,3,B,,,,A,0,,E,,N,U,U,U,U,Y,Y,New,,917,1000035
99.9125,1193.75,75,0.495,97.25,24.3125,24.3125,0,0,55.59,221,0,0.99,228,57,57,0,0,-13.75,-0.1625,11,0,5,0,53.33333333,0,409.3333333,0,100.3333333,0,342.6666667,0,2.666666667,3,2.143333333,36.33333333,0,575.1033333,0,287.97,91.33333333,87.16666667,12.33333333,28.29333333,370,0,767.6766667,0,65.66666667,0,95.39666667,0,16,409.3333333,342.6666667,0,11.66666667,2,0,5,0,8,0,68,0,17,0,63,0,3,3,2.71,19,0,44.57,0,133.23,24,55.24,3,21.61,44,0,116.92,0,37,0,46.72,0,4,68,63,0,5,0,54,1,1,3,N,A,N,,,,22974,55673.23,4566.18,4345.2,54702.23,22668,83.56,1051.97,435.92,1198,499,100,1132,440,80,,,,T,,KCYKCM816,MIDWEST AREA,Y,N,199.9899902,9.989997864,4,01/01/2001,3,WCMB,0,0,0,,O,2,,U,,28,0,,,,2,M,7,2,,C,,,,0,,,,I,U,U,U,U,U,Y,New,,258,1000036
30,155.75,30,0,0,0,0,0,0,0,134,0,0,0,0,0,0,0,94.25,0,2,0,2,0,3,0,71.33333333,0,12,0,64.33333333,0,0,0,0,7.333333333,0,80.75666667,0,13.88666667,5,5.573333333,4,2.826666667,61.66666667,0,83.68666667,0,14.66666667,0,10.95666667,0,4,71.33333333,64.33333333,0,0,2,0,0,0,5,0,44,0,9,0,38,0,0,0,0,5,0,125.06,0,7.52,6,10.16,7,4.88,44,0,130.58,0,10,0,4.21,0,2,44,38,0,0,0,56,2,2,,Y,A,N,,,,2139,3827,1518.34,1517.47,3827,2139,28.63,72.21,40.36,124,78,30,103,63,30,,,,T,BTH,KCYKCM816,MIDWEST AREA,Y,N,149.9899902,149.9899902,5,02/10/2000,3,WCMB,1,0,0,,O,2,S,M,B,36,38,Y,R,Y,2,M,9,2,B,C,,,A,0,,,Y,N,U,U,Y,U,U,Y,New,,630,1000037
22.3675,90.75,16.99,0,0.75,0.3375,0.3375,0,0,8.54,54,0,0,2,0.9,0.9,0,0,26.25,3.0725,0,0,0,0,18.66666667,0,34.66666667,0,22,0,16,0,0,0,0,11.33333333,0,14.34666667,0,46.79666667,5.666666667,4.566666667,6,17.21,21.66666667,0,42.21333333,0,5.666666667,0,18.93,0,0,34.66666667,16,0,0,0,0,0,0,34,0,30,0,16,0,6,0,0,0,0,12,0,7.06,0,10.07,3,6.33,10,29.45,16,0,42.54,0,8,0,43.13,0,0,30,6,0,0,1,52,1,1,1,Y,A,N,,,,1226,3109,1006.81,967.07,3074,1210,19.34,61.48,24.2,82,29,21,73,27,20,,,,U,,SLCSLC801,NORTHWEST/ROCKY MOUNTAIN AREA,N,N,29.98999023,,1,,1,NA,1,0,0,3,O,1,S,M,B,54,46,Y,R,N,2,M,7,2,F,I,,,A,0,1,A,,N,U,U,U,U,U,Y,New,,1570,1000038
33.5625,197.5,30,0.2475,8.5,3.315,0,3.315,0,8.4,181,0,0.99,19,7.41,0,7.41,0,123.5,4.8375,6.333333333,0,1.333333333,0,27,0,94,1.666666667,42.66666667,0,62,1.666666667,0,0,0,32.33333333,0,39.83333333,3.353333333,21.94666667,11,6.266666667,0.666666667,1.053333333,41,0,34.44666667,0,41.66666667,1.666666667,27.33333333,3.353333333,7.666666667,95.66666667,63.66666667,0,0,1,0,1,0,12,0,81,5,49,0,63,5,0,0,0,35,0,20.23,10.06,29.2,9,1.4,1,1.58,3,0,15.85,0,38,5,6.88,10.06,2,86,68,0,0,1,58,1,1,1,N,A,N,,,,9655,16089.60333,2362.05,2291.63,15771.6,9454,41.67,286.76,171.89,156,114,32,245,153,38,,,,S,LDD,DENDEN303,NORTHWEST/ROCKY MOUNTAIN AREA,Y,N,79.98999023,29.98999023,3,11/07/1999,3,WCMB,1,0,0,,O,13,S,M,,50,46,,,,2,M,9,,D,C,,,A,0,,A,,N,U,U,U,U,U,Y,New,,786,1000039
33.4775,195.5,29.99,0,0.25,0.0975,0,0.0975,2.565,11.91,100,0,0,1,0.39,0,0.39,10.26,54.5,8.5725,6.666666667,0,0.333333333,0,6.333333333,0,33.33333333,0.333333333,42.66666667,0,26,0.333333333,0,0,0,20.33333333,0.666666667,39.12333333,0.083333333,74.13,9.666666667,8.643333333,5.666666667,8.573333333,38,0.333333333,73.66666667,0.083333333,19.33333333,0,39.58666667,0,7,33.66666667,26.33333333,0,0,11,0,1,0,8,0,26,1,51,0,17,1,0,0,0,21,1,61.56,0.25,66.63,4,13.93,4,8.13,34,1,96.82,0.25,20,0,48.5,0,11,25,16,0,0,1,54,2,1,1,Y,A,N,,,,3599,5970.016667,1591.01,1365.48,5894.02,3545,26.26,113.35,68.17,177,86,31,167,93,31,,,,S,LDD,DENDEN303,NORTHWEST/ROCKY MOUNTAIN AREA,Y,R,29.98999023,29.98999023,4,3/21/2001,3,WCMB,1,0,1,2,O,14,S,M,B,50,48,,R,Y,3,M,9,2,A,C,,,A,0,2,A,,J,U,U,U,Y,U,Y,New,,179,1000040
82.1625,660,50,0,100.75,30.225,30.225,0,1.9375,68.56,341,0,0,218,65.4,65.4,0,3.16,-184,-31.5625,3,0,2,0,10.33333333,0,127,0,95.33333333,0,113.3333333,0,0,0,0,38.33333333,0.333333333,181.7,0,377.4533333,67.66666667,87.27666667,1.333333333,4.91,162,0,475.49,0,32.33333333,0,83.66333333,0,5,127,113.3333333,0,2.666666667,0,0,3,0,1,0,21,0,35,0,20,0,0,0,0,11,1,22.89,0,122.57,10,17.83,1,1.74,57,0,144.27,0,5,0,1.19,0,3,21,20,0,1,0,57,3,3,,U,A,N,8,9,2.7,5676,13430,2741.17,2709.95,13403,5660,48.39,239.34,101.07,721,258,93,621,243,79,,,,S,,DENDEN303,NORTHWEST/ROCKY MOUNTAIN AREA,Y,N,199.9899902,29.98999023,3,9/16/2001,3,WCMB,1,0,1,,O,7,S,M,B,46,48,,R,Y,4,M,8,1,C,C,,,A,0,,A,,N,U,U,U,Y,U,Y,New,,107,1000041
30,56,30,0,0,0,0,0,0,0,89,0,0,0,0,0,0,0,-47,0,1,0,0.666666667,0,4,0,30.66666667,0,10.33333333,0,25.33333333,0,0.333333333,0.333333333,0.323333333,5.666666667,0,27.04666667,0,13.48333333,4,2.983333333,3.333333333,6.79,29.33333333,0,31.08666667,0,6,0,9.443333333,0,1.666666667,30.66666667,25.33333333,0,0,2,0,1,0,6,0,15,0,11,0,12,0,1,1,0.97,7,0,23.12,0,19.59,5,3.55,2,9.16,11,0,19.54,0,12,0,18.62,0,3,15,12,0,0,0,53,2,2,1,N,A,N,,,,2858,4832,1451.04,1451.04,4818,2850,27.9,92.65,54.81,72,46,30,105,65,31,,,,S,LDD,KCYKCK913,MIDWEST AREA,Y,N,79.98999023,79.98999023,4,01/09/2000,3,WCMB,0,0,0,,O,15,S,M,B,74,74,,R,,5,M,9,,,,,,A,0,,,Y,N,U,U,U,U,U,Y,UNKNOWN,,616,1000042
55.5125,262,54.98,0,0,0,0,0,0,0.99,61,0,0,0,0,0,0,0,3,-0.5325,0.333333333,0,0,0,9.333333333,0,39,0,27,0,29.66666667,0,0,0,0,7.333333333,0,65.93333333,0,151.1666667,9.333333333,4.32,7.333333333,46.38666667,27.66666667,0,90.88666667,0,28.66666667,0,126.2133333,0,0.333333333,39,29.66666667,0,0.333333333,1,0,0,0,5,0,26,0,18,0,27,0,0,0,0,9,0,57.55,0,76.65,8,3.77,14,124.71,34,0,166.06,0,8,0,64.02,0,1,26,27,0,1,1,51,1,1,,Y,C,N,,,,5987,19426,2909.82,2847.32,19390,5967,56.95,387.8,119.34,261,73,56,288,95,56,,,,S,LDD,KCYELD316,MIDWEST AREA,Y,N,29.98999023,9.989997864,4,5/18/1998,3,WC,0,0,0,,,,,U,,0,0,,,,,,,,,,,,,0,,,,N,U,U,U,U,U,N,UNKNOWN,,1155,1000043
16.14,3.75,16.99,0,0,0,0,0,0,0,8,0,0,0,0,0,0,0,-3.75,0,0,0,1,0,1.666666667,0,5.666666667,0,0.666666667,0,3,0,0,0,0,0.666666667,0,1.533333333,0,0.16,0,0,0,0,3,0,1.61,0,0.666666667,0,0.083333333,0,1,5.666666667,3,0,0,0,0,3,0,3,0,1,0,2,0,5,0,0,0,0,2,0,2.75,0,0.48,0,0,0,0,5,0,2.75,0,2,0,0.25,0,3,1,5,0,0,1,55,1,1,,Y,A,N,,,,318,1370,968.88,968.28,1317,304,18.27,24.85,5.74,5,4,16,15,5,16,,,,S,,OKCOKC405,DALLAS AREA,N,N,29.98999023,,1,,1,NA,0,0,0,2,O,10,S,M,B,64,64,,R,N,5,M,6,,,,,,A,1,2,,Y,N,U,U,U,U,U,Y,New,,1661,1000044
59.99,67.75,69.99,0,0,0,0,0,0,0,62,0,0,0,0,0,0,0,-42.75,0,0.333333333,0,0,0,3,0,26.66666667,0,8.333333333,0,23.66666667,0,0,0,0,4.666666667,0,52.38333333,0,9.936666667,3.333333333,3.28,1.666666667,1.783333333,23,0,54.52666667,0,6.333333333,0,7.793333333,0,0.333333333,26.66666667,23.66666667,0,0,1,0,0,0,0,0,2,0,2,0,2,0,0,0,0,1,0,24.73,0,2.93,2,1.8,1,1.7,6,0,12.26,0,4,0,15.4,0,1,2,2,0,0,1,57,2,2,,N,A,N,,,,3683,8471,2382.62,2340.31,8434,3671,41.79,150.61,65.55,82,31,60,70,28,60,,,,T,LDD,MILMIL414,CHICAGO AREA,N,R,9.989997864,9.989997864,3,1/25/1999,2,NA,0,0,0,1,O,2,S,M,,40,34,Y,,Y,2,M,6,1,F,C,,,A,0,2,,Y,N,U,Y,Y,U,U,Y,New,,1072,1000045
57.98,683.75,54.98,0,3,0.75,0.75,0,0,3.4,254,0,0,12,3,3,0,0,-1.75,0.6,15.66666667,0,1.333333333,0,23.66666667,0,176.3333333,0,70.33333333,0,140,0,5,15.33333333,12.12333333,32.33333333,0,304.46,0,203.68,19.33333333,23.4,0.333333333,0.076666667,131.3333333,0,357.2533333,0,54.33333333,0,150.8866667,0,17,176.3333333,140,0,0.666666667,12,0,1,0,25,0,56,0,21,0,38,0,5,21,19.83,19,0,104.05,0,208.71,7,7.68,1,0.23,53,0,287.81,0,11,0,37.98,0,13,56,38,0,1,1,55,2,1,1,N,B,N,,,,11193,35976.01667,3808.91,3749.51,35811.02,11110,70.75,675.68,209.62,684,224,58,705,235,62,,,,S,,PHICTR610,PHILADELPHIA AREA,N,N,79.98999023,29.98999023,2,6/21/1999,2,WC,0,0,0,1,O,8,,B,,50,0,,,,1,M,9,,,C,,,,0,,,,S,U,U,U,U,U,Y,New,,864,1000046
32.055,137.75,30,0,0,0,0,0,0,7.68,88,0,0,0,0,0,0,0,-5.75,-2.055,0.333333333,0,0,0,10.66666667,0,43.66666667,0,60,0,32.66666667,0,0,0,0,49,0,34.59,0,39.4,3.333333333,1.646666667,5.666666667,5,50,0,52.15,0,14,0,21.84,0,0.333333333,43.66666667,32.66666667,0,0.333333333,1,0,0,0,4,0,16,0,19,0,17,0,0,0,0,14,0,5.15,0,17.29,4,1.23,1,7.78,16,0,34.64,0,17,0,12.2,0,1,16,17,0,1,1,51,3,3,,Y,A,N,,,,2908,4672,1555,1504.75,4665,2904,30.71,95.2,59.27,140,84,33,100,60,32,,,,R,,SLCPRO801,NORTHWEST/ROCKY MOUNTAIN AREA,N,N,29.98999023,,1,,1,NA,1,0,1,,O,15,S,M,B,44,44,,R,,4,M,5,2,B,I,,,A,0,,A,Y,N,U,U,U,U,U,Y,New,,1549,1000047
78.2875,851.5,85,0,0,0,0,0,0,0.15,371,0,0,0,0,0,0,0,-205.5,-0.0375,10.66666667,0,6.333333333,0,47,0,193.6666667,0,145,0,138.3333333,0,1,19,18.44333333,55.66666667,0,227.1166667,0,304.7933333,54.66666667,21.51666667,29.66666667,50.02,200.6666667,0,365.9633333,0,74,0,165.9466667,0,17,193.6666667,138.3333333,0,6,8,0,12,0,49,0,88,0,49,0,52,0,3,57,55.33,25,0,70.14,0,90.24,9,14.54,10,26.6,85,0,208.16,0,23,0,109.97,0,19,88,52,0,4,1,53,5,4,,N,A,N,,,,14937,32772,3187.88,3127.38,32612,14853,62.55,652.24,297.06,920,337,78,814,326,93,,,,T,,SANMCA210,CENTRAL/SOUTH TEXAS AREA,N,R,9.989997864,9.989997864,8,4/18/2001,3,WCMB,0,0,0,5,O,8,S,M,B,50,50,Y,R,,6,M,5,3,E,I,,,A,0,1,A,,H,U,U,U,U,U,Y,New,,151,1000048
107.235,782,24.99,0,232.75,86.1175,86.1175,0,0,192.54,1196,0,0,522,193.14,193.14,0,0,-258,-80.045,1,0,0.666666667,0,3,0,21,0,168.3333333,0,17.33333333,0,0.333333333,4,4,40.33333333,0,41.66333333,0,786.7366667,1.333333333,1.076666667,0,0,64.33333333,0,243.1333333,0,119.3333333,0,585.2666667,0,1.666666667,21,17.33333333,0,2.666666667,0,0,2,0,6,0,14,0,111,0,22,0,1,12,12,25,0,48.68,0,779.34,3,2.13,0,0,33,0,188.22,0,83,0,616.32,0,2,14,22,0,5,1,55,1,1,,Y,B,N,,,,5104,9615,1803.31,1778.65,9584,5087,34.88,187.92,99.75,868,276,134,476,164,86,,,,S,,DENDEN303,NORTHWEST/ROCKY MOUNTAIN AREA,Y,N,149.9899902,29.98999023,5,5/23/2001,4,WCMB,1,1,0,,O,15,S,M,,36,38,,,Y,2,M,7,1,B,C,,,A,0,,A,,N,U,Y,Y,Y,Y,Y,New,,162,1000049
54.2275,210.25,52.99,1.2375,0,0,0,0,0,2.97,207,0,2.97,0,0,0,0,0,-32.25,-1.2375,1.333333333,0,0,0,8.333333333,0,82.66666667,0,44.33333333,0,73.33333333,0,0,0,0,25.33333333,1,115.2933333,0,66.67666667,15.66666667,16.70666667,0,0,94,0,143.6166667,0,16,0,38.35333333,0,1.333333333,82.66666667,73.33333333,0,1,1,0,0,0,1,0,11,0,8,0,10,0,0,0,0,5,0,23.89,0,14.83,5,0.2,0,0,12,0,39.17,0,3,0,30.11,0,1,11,10,0,0,1,57,2,1,,N,A,N,,,,18690,52365.07667,7671.92,7392.02,52303.08,18654,134.4,950.97,339.16,221,94,55,241,102,55,,1,0,,,DENDEN303,NORTHWEST/ROCKY MOUNTAIN AREA,Y,R,99.98999023,99.98999023,7,6/23/2001,5,WCMB,0,0,0,,,,,U,,0,0,,,,,,,,,,,,,0,,,,N,U,U,U,U,U,N,UNKNOWN,469,192,1000050
30.26,23.75,29.99,0,0,0,0,0,0,0.54,42,0,0,0,0,0,0,0,25.25,-0.27,0,0,0,0,2,0,11,0,0.333333333,0,9,0,0.666666667,11,10.55,0.333333333,0,23.95666667,0,0.133333333,3.666666667,6.963333333,0,0,4,0,15.53666667,0,5.333333333,0,8.553333333,0,0,11,9,0,0,0,0,0,0,2,0,9,0,1,0,8,0,1,31,30.18,1,0,40.93,0,0.4,3,2.26,0,0,7,0,38.79,0,14,0,16.1,0,0,9,8,0,0,1,51,1,1,1,N,A,N,,,,5742,19818.04,2870.33,2755.59,19477.04,5614,56.24,397.49,114.57,15,7,31,8,4,33,,,,S,,OKCLRK501,TENNESSEE AREA,Y,N,29.98999023,29.98999023,3,11/04/1998,2,WC,0,0,0,8,O,15,S,M,B,72,68,,R,N,3,M,3,2,,C,,,A,1,,A,Y,I,U,U,U,U,U,Y,UNKNOWN,,985,1000051
44.1775,329.5,34.98,0.99,31.75,7.62,7.62,0,0,21.9,180,0,1.98,83,19.92,19.92,0,0,82.5,2.6525,4.333333333,0,0.666666667,0,14.33333333,0,127.3333333,0,76.33333333,0,108.6666667,0,0,0,0,51,0,88.96666667,0,76.13333333,58,48.10666667,22,30.88333333,133.3333333,0,132.4866667,0,43,0,32.61333333,0,5,127.3333333,108.6666667,0,1.666666667,4,0,1,0,16,0,68,0,51,0,52,0,0,0,0,32,0,43.34,0,42.75,42,41.61,21,26.59,64,0,62.83,0,62,0,52.55,0,5,68,52,0,2,1,53,2,2,,Y,A,N,,,,4186,6269.126667,1421.72,1390.86,6198.13,4146,33.92,151.17,101.12,302,193,43,300,189,42,,,,T,LDD,SLCPRO801,NORTHWEST/ROCKY MOUNTAIN AREA,N,N,29.98999023,29.98999023,2,08/08/2000,2,WC,1,1,0,,O,11,S,M,B,34,40,,R,,4,M,8,2,D,I,,,,0,,A,Y,G,U,U,U,U,U,Y,New,,404,1000052
35.5625,112.75,29.99,0.99,9.5,3.325,3.325,0,0.9875,17.2,86,0,1.98,38,13.3,13.3,0,2.57,-6.75,-1.0225,1.666666667,0,0.333333333,0,13.33333333,0,45.33333333,0,3.333333333,0,30,0,0,0,0,2,0,71.08,0,4.95,6.333333333,5.156666667,0.666666667,0.69,27.33333333,0,64.43666667,0,5.666666667,0,11.59333333,0,2,45.33333333,30,0,0,4,0,1,0,8,0,22,0,2,0,13,0,0,0,0,2,0,56.95,0,5.89,4,8.46,2,2.07,10,0,63.68,0,7,0,16.38,0,3,22,13,0,0,1,51,3,2,,Y,A,N,,,,2103,4640,1702.17,1666.24,4626,2095,34,94.41,42.76,115,38,36,128,46,38,,,,C,,SLCOGD801,NORTHWEST/ROCKY MOUNTAIN AREA,Y,R,9.989997864,29.98999023,3,6/22/2000,3,WC,1,0,0,,O,3,S,M,B,86,80,Y,R,,4,M,3,3,A,,,,A,0,2,,Y,N,U,U,U,U,U,Y,New,,389,1000053
145.795,1293.25,67.745,0,264.75,80.55,80.55,0,0,197.24,1066,45.99,0,520,156.25,156.25,0,0,446.75,22.395,6.666666667,0,19.33333333,0,39.33333333,0,428.6666667,0,68,0,364.3333333,0,3.333333333,6.333333333,4.66,24.33333333,0,728.4133333,0,208.0533333,92,67.45333333,6.333333333,10.78666667,345.3333333,0,708.08,0,86,0,228.3866667,0,26,428.6666667,364.3333333,0,3,5,0,47,0,34,0,240,0,65,0,177,0,3,6,4.36,34,0,245.69,0,195.39,76,49.39,2,10.76,180,0,229.16,0,59,0,209.84,0,49,240,177,0,4,0,55,2,2,1,Y,A,N,,,,9700,25170.02,3310.08,3217.5,24898.02,9626,60.71,469.77,181.62,1144,444,138,883,358,93,,,,S,LDD,OMADES515,MIDWEST AREA,N,N,,29.98999023,4,10/12/2001,4,WC,0,0,0,B,O,11,S,M,B,64,60,,R,,3,M,9,,,C,,,A,0,,B,,I,U,U,U,U,U,Y,UNKNOWN,,20,1000054
31.4475,56,30,0,8.75,1.4475,1.4475,0,0,5.79,124,0,0,35,5.79,5.79,0,0,-34,-1.4475,1,0,0,0,2,0,14.33333333,0,12,0,11.66666667,0,0,0,0,6.333333333,0,5.373333333,0,12.7,0,0,1,1.32,2.333333333,0,1.406666667,0,21,0,16.66666667,0,1,14.33333333,11.66666667,0,0,2,0,0,0,2,0,8,0,10,0,9,0,0,0,0,7,0,6.56,0,14.75,0,0,3,3.96,6,0,3.75,0,15,0,20.84,0,2,8,9,0,0,1,55,1,1,,Y,A,N,,,,5052,7942,2399.93,2352.93,7914,5027,44.39,149.32,94.85,67,57,32,61,49,31,,,,S,,OMAOMA402,MIDWEST AREA,N,N,29.98999023,,1,,1,NA,0,0,0,2,O,10,S,M,B,56,52,Y,R,Y,4,M,7,3,E,C,,,A,0,,,Y,G,U,U,U,Y,Y,Y,New,,1646,1000055
50.5625,100.25,50,0,0,0,0,0,0,1.2,116,0,0,0,0,0,0,0,5.75,0.0375,0.333333333,0,24.33333333,0,18.66666667,0,71.33333333,0,1.333333333,0,28.33333333,0,0,0,0,0,0,69.87,0,7.8,1,2.26,0,0,19.33333333,0,48.70666667,0,10,0,28.96333333,0,24.66666667,71.33333333,28.33333333,0,0,1,0,73,0,53,0,138,0,4,0,12,0,0,0,0,0,0,69.25,0,23.4,3,6.78,0,0,9,0,43.24,0,12,0,49.41,0,74,138,12,0,0,1,53,1,1,,N,B,N,,,,11923,21968.11667,3252.01,2883.76,21572.12,11720,56.54,422.98,229.8,98,32,50,86,32,51,,,,T,,SANAUS512,CENTRAL/SOUTH TEXAS AREA,N,N,29.98999023,9.989997864,4,1/13/1999,3,NA,0,0,0,,,,,U,,0,0,,,,,,,,,,,,,0,,,,H,U,U,U,U,U,N,UNKNOWN,,977,1000056
51.24,404.25,49.99,0,0,0,0,0,0,5,168,0,0,0,0,0,0,0,49.75,-1.25,5.333333333,0,2.333333333,0,12.33333333,0,134.6666667,0,24,0,115.3333333,0,2,4.333333333,3.336666667,6.666666667,0,219.5366667,0,73.80666667,19.66666667,22.75,0,0,130.3333333,0,278.2233333,0,8.333333333,0,15.12,0,7.666666667,134.6666667,115.3333333,0,1,4,0,5,0,4,0,65,0,16,0,62,0,4,9,7.82,6,0,102.16,0,44.5,26,34.72,0,0,66,0,131.25,0,11,0,26.38,0,3,65,62,0,0,1,55,1,1,1,Y,A,N,,,,11822,35711,3836.3,3761.17,35410,11668,72.33,680.96,224.38,388,143,52,450,133,57,,,,R,,KCYWIC316,MIDWEST AREA,N,R,9.989997864,9.989997864,3,5/22/2000,3,NA,0,0,0,D,O,5,S,S,B,44,0,,R,Y,2,M,6,1,,C,,,A,0,1,,,N,U,U,U,U,Y,Y,UNKNOWN,,528,1000057
20.18,1.25,20,0,0,0,0,0,0,0.36,1,0,0,0,0,0,0,0,-0.25,-0.18,0,0,0,0,0,0,0.333333333,0,0.666666667,0,0.333333333,0,0,0,0,0.666666667,0,0.4,0,0.303333333,0,0,0,0,0.666666667,0,0.303333333,0,0.333333333,0,0.4,0,0,0.333333333,0.333333333,0,0,0,0,0,0,0,0,1,0,1,0,1,0,0,0,0,1,0,1.2,0,0.78,0,0,0,0,1,0,0.78,0,1,0,1.2,0,0,1,1,0,0,0,50,1,1,,Y,A,N,,,,208,481,1048.76,1048.76,290,145,21.4,5.92,2.96,1,1,20,3,3,17,,,,T,LDD,INDIND317,OHIO AREA,N,N,29.98999023,,1,,1,NA,0,0,0,,,2,S,B,,46,0,,,,1,M,7,,,C,,,A,0,,,,N,U,U,U,U,U,N,UNKNOWN,,1536,1000058
36.8375,35.5,44.99,0,0,0,0,0,1.8475,5.08,70,0,0,0,0,0,0,5.08,0.5,0.4625,0.333333333,0,0,0,2,0,8.666666667,0,1,0,6.333333333,0,0,0,0,0.666666667,0,22.77,0,1.23,1.666666667,1.93,0.333333333,0.926666667,5,0,12.76666667,0,2.333333333,0,11.23333333,0,0.333333333,8.666666667,6.333333333,0,0,1,0,0,0,6,0,25,0,3,0,18,0,0,0,0,2,0,36.54,0,3.69,5,5.79,1,2.78,15,0,38.3,0,6,0,31.77,0,1,25,18,0,0,1,55,3,2,,N,A,N,,,,3794,8925.07,2415.79,2377.51,8908.07,3781,44.86,168.08,71.34,35,10,37,115,45,37,,,,S,,SLCPRO801,NORTHWEST/ROCKY MOUNTAIN AREA,Y,N,29.98999023,29.98999023,2,1/13/1999,2,NA,0,0,0,3,O,3,S,M,B,40,34,,R,Y,2,M,7,1,F,C,,,A,0,3,A,Y,N,U,Y,Y,U,U,Y,UNKNOWN,,1023,1000059
37.99,71,37.99,0,0,0,0,0,0,0,217,0,0,0,0,0,0,0,146,0,0,0,0.666666667,0,2.666666667,0,14,0,0.333333333,0,10.66666667,0,0,0,0,0,0,31.09333333,0,2.373333333,1,0.453333333,0,0,8.333333333,0,12.56,0,2.666666667,0,20.90666667,0,0.666666667,14,10.66666667,0,0,0,0,2,0,8,0,42,0,1,0,32,0,0,0,0,0,0,93.28,0,7.12,3,1.36,0,0,25,0,37.68,0,8,0,62.72,0,2,42,32,0,0,0,53,1,1,,U,A,N,,,,3604,10721,2811.89,2704.07,10307,3415,53.02,202.1,66.96,22,5,38,25,6,39,,,,C,LDD,OMALNC402,MIDWEST AREA,N,N,29.98999023,,1,,1,NA,0,0,0,,O,3,S,A,,76,68,,,,3,M,7,1,A,,,,A,0,,A,,N,U,U,U,U,U,Y,New,,1597,1000060
45.75,150.75,30,0,0,0,0,0,15.455,3.27,67,0,0,0,0,0,0,3.84,-40.75,1.48,6.333333333,0,4,0,14.33333333,0,58.66666667,0,19.66666667,0,35.33333333,0,0,0,0,11,0,27.89,0,17.54,1,0.75,0,0,35.33333333,0,29.95666667,0,18.33333333,0,15.47333333,0,10.33333333,58.66666667,35.33333333,0,0,2,0,7,0,10,0,30,0,16,0,20,0,0,0,0,11,0,33.57,0,18.78,3,2.25,0,0,23,0,35.71,0,14,0,18.44,0,9,30,20,0,0,1,50,1,1,,N,A,N,41,50,16.84,3709,5037,1719.71,1708.42,4989,3674,42.71,124.73,91.85,164,121,45,137,103,43,,,,R,,OMAIWC319,MIDWEST AREA,Y,N,29.98999023,29.98999023,3,5/23/1998,2,WC,1,0,0,,O,8,,M,,40,38,,,Y,3,M,5,1,A,I,N,,,0,,,Y,N,Y,U,U,U,Y,N,New,,1150,1000061
42.885,406,40,0,53.75,13.4375,13.4375,0,0,5.7,130,0,0,127,31.75,31.75,0,0,88,3.565,0.666666667,0,1.666666667,0,27,0,162.6666667,0,44.33333333,0,133.6666667,0,0,0,0,27.33333333,0,172.9333333,0,47.69,6.333333333,4.123333333,4.333333333,7.013333333,93.33333333,0,121.5933333,0,84.33333333,0,99.03,0,2.333333333,162.6666667,133.6666667,0,1.666666667,1,0,2,0,25,0,51,0,8,0,28,0,0,0,0,4,0,40.5,0,16.64,4,5.92,8,16.79,11,0,34.08,0,26,0,45.54,0,3,51,28,0,2,0,50,1,1,,N,C,N,,,,6008,12776,2191.84,2128.51,12748,5994,43.44,260.16,122.33,377,207,42,349,172,45,,,,C,,SANMCA210,CENTRAL/SOUTH TEXAS AREA,N,R,9.989997864,29.98999023,2,1/27/1999,2,NA,1,0,0,1,O,7,S,M,B,50,48,Y,R,Y,6,M,5,1,B,I,,,A,0,2,,Y,H,U,U,U,Y,Y,Y,UNKNOWN,,901,1000062
91.175,332.75,75,0,0,0,0,0,0,33.34,306,0,0,0,0,0,0,0,-30.75,-5.425,3.333333333,0,2,0,33.66666667,0.333333333,230.6666667,0.333333333,33,0,192,0,0.333333333,1,0.756666667,21.66666667,0,185.65,0,33.21,9,2.366666667,4.666666667,5.4,201.3333333,0,196.7266667,0,23.33333333,0,22.13333333,0,5.333333333,231,192,0,0.666666667,6,0,0,0,21,1,112,1,18,0,106,0,1,3,2.27,12,0,92.3,0,21.5,4,2.39,6,7.48,104,0,125.15,0,18,0,20.09,0,6,111,106,0,1,0,50,2,2,,Y,B,N,,,,7714,14451,3872.66,3722.83,14071,7545,80.93,305.89,164.02,343,209,93,238,142,85,,,,S,,KCYKCK913,MIDWEST AREA,Y,N,129.9899902,9.989997864,3,3/16/2001,3,WCMB,0,0,0,,O,4,,B,,30,0,,,,1,M,6,2,,C,,,,0,,,Y,N,U,U,U,U,U,Y,UNKNOWN,,122,1000063
342.8575,2961.25,139.96,11.1375,1444.75,149.975,141.725,8.25,62.335,220.35,1381,0,13.86,782,90.4,76.2,18.3,222.14,203.75,6.8825,10,0.333333333,9.333333333,0,113.6666667,3,697,13.33333333,328.6666667,5,568.6666667,10,0,0,0,141,1.666666667,991.3666667,29.85333333,871.4966667,210.6666667,244.6433333,96.33333333,226.5033333,732.3333333,7.333333333,1549.2,24.14333333,156,2.666666667,313.66,5.71,19.66666667,710.3333333,578.6666667,2.333333333,34.33333333,8,1,17,0,41,6,140,24,157,8,117,17,0,0,0,94,1,264.85,58.16,301.8,123,92.32,58,73.49,133,12,319.19,49.74,96,5,209.42,8.71,25,132,113,5,10,0,52,2,2,,N,A,N,,,,50971,120185.5167,12610.01,12522.26,120095.52,50915,245.53,2354.81,998.33,2893,1238,341,2739,1174,310,,,,T,,NSHNSH615,TENNESSEE AREA,Y,N,199.9899902,399.9899902,10,07/06/2001,7,WCMB,0,0,0,,,,,U,,0,0,,,,,,,,,,,,,0,,,,N,U,U,U,U,U,N,UNKNOWN,,72,1000064
54.96,244,51.99,2.97,0,0,0,0,0,4.95,73,0,4.95,0,0,0,0,0,15,1.98,0.666666667,0,2.666666667,0.333333333,11.66666667,0.333333333,69,0.666666667,14.33333333,0,54.33333333,0,0,0,0,3.666666667,0,107.84,0,48.80666667,13,13.19,1,1.433333333,54,0,125.04,0,14.33333333,0,31.60666667,0,3.666666667,69.66666667,54.33333333,0,0,1,0,5,1,9,1,25,1,6,0,15,0,0,0,0,4,0,43.64,0,15.73,12,4.04,2,2.38,6,0,7.72,0,13,0,42.24,0,6,26,15,0,0,0,54,1,1,,N,A,N,,,,4680,14131.01667,3341.61,3273.14,13975.02,4563,61.76,263.68,86.09,239,87,54,273,93,55,,,,C,LDD,KCYKCK913,MIDWEST AREA,Y,N,129.9899902,59.98999023,4,9/25/2001,4,WCMB,0,0,0,2,O,15,S,S,B,54,80,,R,N,3,M,6,,,I,,,A,1,1,,Y,N,U,U,U,U,U,Y,New,,37,1000065
29.735,65.25,29.99,0.99,1.75,0.525,0.525,0,0,1.98,133,0,1.98,7,2.1,2.1,0,0,75.75,-0.255,0,0,5,0,2.666666667,0,32.66666667,0,3.333333333,0,25,0,0,0,0,1.333333333,0,50.61333333,0,7.776666667,1,0.856666667,0,0,27.33333333,0,57.38333333,0,1,0,1.006666667,0,5,32.66666667,25,0,0.333333333,0,0,14,0,4,0,65,0,9,0,48,0,0,0,0,3,0,67.33,0,22.71,2,2.05,0,0,57,0,90.04,0,3,0,3.02,0,14,65,48,0,1,0,50,2,1,2,Y,B,N,,,,27916,58808.64333,4231.59,4022.65,56903.64,27017,85.59,1210.72,574.83,40,14,30,95,37,44,,,,S,,SANAUS512,CENTRAL/SOUTH TEXAS AREA,Y,N,29.98999023,29.98999023,8,02/02/2000,5,NA,1,0,0,F,O,1,S,M,B,40,34,,R,Y,4,M,6,2,B,C,,,A,0,,,,N,U,Y,Y,U,U,Y,New,,530,1000066
81.8,859.5,75,2.475,0,0,0,0,0,15.83,283,0,1.98,0,0,0,0,0,-35.5,-5.81,4.333333333,0,2.666666667,0,33.66666667,0,209.3333333,0,104,0,171.3333333,0,0,0,0,40,0,323.3933333,0,235.9433333,35.33333333,10.84,49.66666667,92.01,221.3333333,0,474.0133333,0,51.33333333,0,85.32333333,0,7,209.3333333,171.3333333,0,6.333333333,6,0,2,0,6,0,45,0,22,0,56,0,0,0,0,5,0,76.83,0,96.74,21,14.86,23,63.67,79,0,130.27,0,34,0,71.19,0,8,45,56,0,4,1,54,2,2,,N,A,N,,,,20309,48234.07,6499.11,6390.36,48045.07,20206,120.57,906.51,381.25,871,391,84,871,418,83,,,,T,,SANAUS512,CENTRAL/SOUTH TEXAS AREA,Y,N,59.98999023,29.98999023,5,6/25/1999,4,WCMB,1,0,1,,O,12,S,M,B,52,52,,R,Y,4,M,9,,B,C,,,A,0,,A,,G,U,U,U,U,Y,Y,New,,860,1000067
149.99,2382.5,149.99,0,0,0,0,0,0,0,878,0,0,0,0,0,0,0,-230.5,0,4,0,22,0,161,0,725.6666667,10.66666667,227.3333333,0,540,10.66666667,9.666666667,23,18.77333333,120.6666667,1.333333333,1211.343333,28.93666667,391.1933333,145,131.7166667,102.6666667,165.7366667,533.6666667,4,941.7866667,12.63333333,232.3333333,6.666666667,620.75,16.30333333,26,736.3333333,550.6666667,0,18,3,0,18,0,195,0,182,4,47,0,3,4,5,12,10.78,25,2,119.63,19.48,47.39,27,25.82,10,26.3,26,3,190.16,11.78,71,1,297.18,7.7,15,178,1,0,6,1,56,3,3,2,Y,B,N,,,,46322,93239,5316.61,5150.61,91324,45551,95.38,1691.19,843.54,2459,926,150,2092,858,128,,,,T,,SANMCA210,CENTRAL/SOUTH TEXAS AREA,N,N,299.9899902,299.9899902,18,2/28/2001,9,WCMB,0,0,0,,O,5,M,S,B,50,40,,R,Y,6,M,6,1,F,,,,A,0,1,,Y,H,U,Y,U,U,U,Y,UNKNOWN,,307,1000068
50.485,380.25,59.99,0.495,0,0,0,0,0,0.99,207,0,0.99,0,0,0,0,0,92.75,-0.495,4,0,0.666666667,0,18.66666667,0,130.6666667,0,61.33333333,0,108.3333333,0,0,0,0,37,0,116.65,0,76.15333333,21.66666667,19.45333333,4.666666667,23.47666667,109.6666667,0,144.9233333,0,45.33333333,0,47.88,0,4.666666667,130.6666667,108.3333333,0,0.333333333,0,0,1,0,11,0,50,0,2,0,40,0,0,0,0,6,0,47.58,0,9.98,8,15.13,4,30.49,1,0,6.37,0,40,0,31.23,0,1,50,40,0,1,1,56,1,1,,Y,A,N,,,,5930,13075,2130.37,1890.58,13054,5911,34.37,237.35,107.47,349,176,51,443,207,51,,,,S,,DENDEN303,NORTHWEST/ROCKY MOUNTAIN AREA,N,N,29.98999023,,1,,1,NA,1,0,0,1,O,14,S,M,B,46,48,Y,R,Y,4,M,6,1,D,I,,,A,0,,A,,D,U,U,Y,Y,U,Y,New,,1698,1000069
53.46,383.5,50,0.2475,0,0,0,0,0,12.85,343,0,0.99,0,0,0,0,0,-214.5,-3.46,1.666666667,0,2.333333333,0,24.66666667,0,131.3333333,0,65.66666667,0,103,0,0.333333333,3.333333333,3.176666667,32.33333333,0,102.5733333,0,112.9566667,26,13.54,2.666666667,7.636666667,151.6666667,0,195.8966667,0,16.66666667,0,19.63333333,0,4,131.3333333,103,0,0.666666667,3,0,1,0,25,0,114,0,54,0,86,0,1,10,9.53,29,0,92.2,0,103.94,18,9.11,3,12.19,100,0,153.86,0,20,0,33.88,0,4,114,86,0,1,1,54,1,1,2,N,A,N,,,,14080,24958.11333,2762.23,2673.52,24602.11,13928,53.47,492.04,278.56,455,280,55,527,316,54,,,,U,,NOLKEN504,HOUSTON AREA,Y,N,29.98999023,29.98999023,2,06/12/1999,2,NA,1,0,0,,O,8,M,A,,42,50,,R,,3,M,9,1,F,C,,,B,0,,,,F,U,U,U,U,U,Y,New,,873,1000070
84.9075,745,84.99,0.495,0,0,0,0,0,36.34,1101,0,0.99,0,0,0,0,0,367,-8.9275,3,0,12.33333333,0,51.66666667,0,263.6666667,0,104,0,197.3333333,0,2.666666667,7,5.513333333,59,0,286.3733333,0,181.05,13.33333333,35.7,14,27.16,212.3333333,0,285.0566667,0,88.33333333,0,182.3666667,0,15.33333333,263.6666667,197.3333333,0,2,3,0,13,0,53,0,314,0,126,0,253,0,8,21,16.54,74,0,321.69,0,250.16,7,78.37,12,51.52,283,0,460.68,0,71,0,111.17,0,16,314,253,0,3,0,50,1,1,1,N,CA,Y,,,,17767,37287.02,3724.66,3619.66,37080.02,17625,78.69,806.09,383.15,623,277,88,657,306,59,,,,C,,SANMCA210,CENTRAL/SOUTH TEXAS AREA,N,N,79.98999023,79.98999023,4,4/21/2001,2,WC,0,0,0,,O,12,M,S,,48,22,,,,4,M,3,2,A,,,,B,0,,,,H,U,U,U,U,U,Y,UNKNOWN,,86,1000071
75.665,241.75,74.99,0,0,0,0,0,0,1.35,52,0,0,0,0,0,0,0,-19.75,-0.675,4.666666667,0,0,0,6.666666667,0,40,0,12.66666667,0,29.66666667,0,0,0,0,3.666666667,0,143.6533333,0,35.83,4.666666667,4.47,3,15.77333333,27,0,124.0333333,0,14.33333333,0,55.44666667,0,4.666666667,40,29.66666667,0,0,6,0,0,0,3,0,15,0,5,0,8,0,0,0,0,4,0,77.64,0,34.46,3,5.7,7,43.57,15,0,101.52,0,8,0,52.93,0,6,15,8,0,0,1,50,1,1,,N,A,N,,,,3931,16488.01667,2954.67,2831.82,16411.02,3887,57.79,334.92,79.33,248,49,76,256,50,76,,,,U,,DALFTW817,DALLAS AREA,Y,R,99.98999023,9.989997864,4,12/02/2000,3,WCMB,1,0,1,,O,15,S,M,B,70,70,,R,N,4,M,6,2,F,C,,,A,1,2,A,,N,U,U,U,U,U,Y,New,,226,1000072
17.4275,19.75,16.99,0,1.25,0.4375,0.4375,0,0,1.75,31,0,0,5,1.75,1.75,0,0,15.25,1.3125,0.333333333,0,2.333333333,0,5.333333333,0,12,0,2.333333333,0,4.333333333,0,1,1,0.423333333,0.333333333,0,3.216666667,0,3.69,0,0,0,0,5.333333333,0,6.43,0,1,0,0.476666667,0,2.666666667,12,4.333333333,0,0,1,0,2,0,7,0,9,0,4,0,4,0,3,3,1.27,1,0,3.05,0,3.51,0,0,0,0,4,0,5.13,0,3,0,1.43,0,1,9,4,0,0,0,56,1,1,,U,C,N,,,,666,1002,957.03,927.91,986,650,16.87,17.93,11.82,15,6,17,18,10,17,,,,T,LDD,NSHNSH615,TENNESSEE AREA,N,N,29.98999023,,1,,1,NA,0,0,0,,O,13,S,B,B,44,0,,R,,1,M,4,2,,C,,,A,0,,,,Z,U,U,U,U,U,Y,New,,1695,1000073
107.25,1671,75,0,126,31.5,31.5,0,0,126.15,1622,0,0,504,126,126,0,0,-641,-29.7,6.666666667,0,11.33333333,0,33.66666667,0,242.6666667,0,268.6666667,0,193.3333333,0,0,0,0,130.3333333,0,427.13,0,633.3833333,42,38.43666667,45,124.5733333,329,0,680.6133333,0,130.6666667,0,379.9,0,18,242.6666667,193.3333333,0,14.66666667,8,0,12,0,37,0,237,0,168,0,193,0,0,0,0,75,0,339.76,0,429.23,22,20.52,25,114.4,283,0,575.18,0,78,0,261.25,0,20,237,193,0,15,0,54,1,1,2,N,CA,N,,,,36495,80944,5347.69,5094.09,80759,36366,96.11,1523.75,686.15,1885,836,117,1996,924,128,,,,S,,OMAOMA402,MIDWEST AREA,N,R,9.989997864,9.989997864,4,6/27/2000,3,WC,0,0,0,,,,,U,,0,0,,,,,,,,,,,,,0,,,,N,U,U,U,U,U,N,UNKNOWN,,492,1000074
163.54,1437.5,82.95,2.475,0,0,0,0,0.0975,151.4,375,0,3.96,0,0,0,0,0.39,-185.5,93.93,15,0,0.666666667,0,88,0,471.3333333,0,286.6666667,0,372.6666667,0,0.333333333,2.333333333,2.106666667,165.3333333,2,488.9733333,0,426.91,58,51.38666667,29,49.67666667,514,0,775.21,0,124.3333333,0,140.6766667,0,15.66666667,471.3333333,372.6666667,0,30,13,0,2,0,14,0,88,0,101,0,77,0,1,7,6.32,64,4,161.8,0,35.87,11,14.16,18,19.22,200,0,206.57,0,39,0,17.54,0,13,88,77,0,7,0,50,2,1,1,Y,C,N,,,,35647,73746.97,6770.5,6638.5,73126.97,35314,135.48,1492.39,720.69,1499,842,132,1371,733,121,,,,T,,PHXTUC520,SOUTHWEST AREA,Y,N,149.9899902,149.9899902,7,04/07/2001,4,WCMB,1,0,1,,,1,M,U,,50,0,,,,1,M,7,,C,B,,,B,0,,,,G,U,U,U,U,U,N,UNKNOWN,,100,1000075
66.285,1229.75,59.99,2.97,52.75,15.825,15.825,0,0,26.13,769,0,6.93,97,29.1,29.1,0,0,217.25,-8.565,4,0,1.333333333,0,40.33333333,0,325,0,91.66666667,0,280.6666667,0,9.666666667,14,9.873333333,36.33333333,0,822.7466667,0,258.3133333,103.6666667,99.09333333,26,78.18666667,215.6666667,0,445.96,0,155.3333333,0,635.1,0,5.333333333,325,280.6666667,0,4.333333333,2,0,1,0,48,0,186,0,36,0,136,0,7,10,6.95,6,0,385.09,0,63.06,87,86.25,25,104.79,54,0,146.8,0,120,0,518.09,0,2,186,136,0,6,0,52,1,1,3,Y,A,N,,,,14444,39416.08667,3130.78,3030.77,38900.09,14212,75.77,972.5,355.3,1157,317,69,1102,326,59,,,,C,,SANAUS512,CENTRAL/SOUTH TEXAS AREA,N,R,9.989997864,29.98999023,7,11/27/1999,3,NA,1,0,1,,O,4,S,S,,30,0,,,,1,M,7,1,A,C,,,A,0,,,,N,U,U,U,U,U,Y,UNKNOWN,,659,1000076
26.045,1347,10,5.445,74,11.1,11.1,0,0,48.36,1802,0,3.96,296,44.4,44.4,0,0,-1080,-13.575,26.33333333,0,12,0,47.66666667,0,467.3333333,0.666666667,144,0,388.6666667,0.666666667,0.666666667,10,9.913333333,43,0,1017.853333,3.113333333,454.0466667,91,129.7966667,12,25.55,485.3333333,0.666666667,1380.886667,3.113333333,40,0,91.01333333,0,38.33333333,468,389.3333333,0,11,5,0,6,0,5,0,131,1,15,0,121,1,1,15,14.87,0,0,494.45,4.67,35.93,18,13.22,3,2.73,92,1,457.51,4.67,18,0,1.01,0,11,132,122,0,0,1,56,5,2,,Y,A,N,,,,15804,51246.21333,3956.34,3856.34,51060.21,15736,71.41,945.56,291.41,1707,488,30,1576,458,23,,,,S,,SANAUS512,CENTRAL/SOUTH TEXAS AREA,N,N,29.98999023,39.98999023,6,2/26/2001,4,WCMB,0,0,0,,,,M,U,,0,0,,,,2,M,5,2,,A,,,,0,,,,N,U,U,U,U,U,Y,UNKNOWN,,309,1000077
21.12,17.75,18.87,0,9,2.25,2.25,0,0,16.98,20,15.48,0,8,2,2,0,0,10.25,12.11,0,0,0,0,0,0,3.333333333,0,11.33333333,0,3.333333333,0,0,0,0,8.666666667,0,0.75,0,8.523333333,1,0.326666667,0.333333333,0.043333333,11.33333333,0,8.366666667,0,3.333333333,0,0.906666667,0,0,3.333333333,3.333333333,0,0,0,0,0,0,0,0,7,0,16,0,7,0,0,0,0,12,0,1.75,0,8.22,2,0.83,1,0.13,16,0,7.75,0,7,0,2.22,0,0,7,7,0,0,0,54,1,1,,N,A,N,,,,636,799,1155.7,936.2,796,633,17.66,15.02,11.94,14,13,17,14,12,17,,,,S,,DALDAL214,DALLAS AREA,N,N,29.98999023,29.98999023,2,7/16/1999,2,NA,1,0,0,2,O,11,S,M,B,54,54,,R,Y,3,M,7,1,D,C,,,A,1,2,A,Y,N,U,U,U,Y,U,Y,New,,839,1000078
36.085,40,35,0,0,0,0,0,0.585,4.34,34,0,0,0,0,0,0,2.34,-16,-1.085,0,0,0,0,4.333333333,0,24.66666667,0,0.666666667,0,20.33333333,0,0,0,0,0.666666667,0,25.42666667,0,0.5,0.666666667,0.623333333,0,0,15.33333333,0,21.19333333,0,5.666666667,0,4.733333333,0,0,24.66666667,20.33333333,0,0,0,0,0,0,4,0,24,0,1,0,20,0,0,0,0,1,0,16.16,0,0.85,2,1.87,0,0,20,0,17.41,0,4,0,5.58,0,0,24,20,0,0,1,52,1,1,,Y,B,N,,,,1194,2184,1458.92,1402.47,2134,1169,35.06,53.35,29.23,45,25,36,60,32,36,,,,C,,NNYALB518,NEW ENGLAND AREA,Y,N,29.98999023,29.98999023,4,10/01/1999,3,NA,1,1,0,,O,15,S,M,B,72,74,,R,N,3,M,4,3,B,C,N,,A,0,1,A,,N,U,U,U,U,U,Y,New,,716,1000079
136.4175,560,70.5175,0.495,163.25,65.3,65.3,0,0,125.99,317,7.89,0.99,325,130,130,0,0,79,64.5625,7,0,1,0,21.33333333,0,105,0,115,0,79,0,0,0,0,40,0,155.5633333,0,246.1033333,36.33333333,40.66333333,28.33333333,63.43333333,138.3333333,0,271.4733333,0,52.33333333,0,130.1933333,0,8,105,79,0,2.333333333,9,0,0,0,4,0,18,0,30,0,12,0,0,0,0,6,0,51.19,0,74.38,10,43.87,22,48.25,37,0,166.15,0,2,0,40.58,0,9,18,12,0,2,1,56,3,2,1,N,C,N,,,,10464,37396,5715.43,5642.43,37291,10409,106.46,703.6,196.4,534,193,115,689,231,113,,,,C,,DALDTN940,DALLAS AREA,Y,N,149.9899902,29.98999023,6,12/23/2000,5,WCMB,0,0,0,,,,,U,,0,0,,,,,,,,,,,,,0,,,,N,U,U,U,U,U,N,UNKNOWN,,374,1000080
76.7375,1007.75,59.99,0.495,65.25,19.575,19.575,0,6.6775,74.88,518,0,1.98,243,72.9,72.9,0,26.71,-51.75,5.3625,2,0,8.666666667,0,82,0,392.6666667,0,122.3333333,0,300,0,0,0,0,58,0,390.7066667,0,244.05,105,54.66,41,74.64,225.3333333,0,321.33,0,197,0,313.4266667,0,10.66666667,392.6666667,300,0,8.666666667,4,0,2,0,55,0,183,0,35,0,132,0,0,0,0,8,0,327.24,0,92.15,54,38.75,12,42.22,123,0,340,0,42,0,93.17,0,4,183,132,0,6,0,52,3,3,1,U,A,N,,,,12566,23282,2805.23,2749.73,23077,12472,53.92,452.49,244.55,1025,453,75,980,462,69,,,,S,LDD,OMALNC402,MIDWEST AREA,Y,R,29.98999023,39.98999023,7,04/06/2001,5,WCMB,1,0,1,,O,6,S,M,B,54,46,,R,N,3,M,7,,C,I,,,A,0,1,A,Y,D,U,U,U,U,U,Y,New,,163,1000081
5,0,0,0,0,0,0,0,0,0,0,0,0,0,0,0,0,0,0,0,0,0,0,0,0,0,0,0,0,0,0,0,0,0,0,0,0,0,0,0,0,0,0,0,0,0,0,0,0,0,0,0,0,0,0,0,0,0,0,0,0,0,0,0,0,0,0,0,0,0,0,0,0,0,0,0,0,0,0,0,0,0,0,0,0,0,0,0,0,0,0,0,0,0,1,56,4,3,,N,B,N,,,,13929,29101,4143.09,3959.31,27788,13124,92.08,646.23,305.21,370,176,90,518,270,88,,,,S,,SANAUS512,CENTRAL/SOUTH TEXAS AREA,N,R,9.989997864,9.989997864,12,12/21/2000,6,NA,0,0,0,,,,,U,,0,0,,,,,,,,,,,,,0,,,,H,U,U,U,U,U,N,UNKNOWN,,376,1000082
196.7625,3479,85,4.95,872.25,87.225,87.225,0,0,66.59,667,0,5.94,495,49.5,49.5,0,0,-394,-36.2825,7,0,25,0,149.6666667,0,994.6666667,0,539.6666667,0,816.3333333,0,0.666666667,3.666666667,3.466666667,223,0,1046.046667,0,1005.39,67.33333333,36.31666667,196,340.31,1177.333333,0,1765.1,0,175.3333333,0,286.3366667,0,32,994.6666667,816.3333333,0,38.33333333,13,0,23,0,34,0,130,0,102,0,109,0,2,11,10.4,45,0,226.09,0,63.8,24,5.74,32,61.61,159,0,351.22,0,76,0,153.46,0,21,130,109,0,4,0,54,3,2,,Y,A,N,,,,82054,159001.3467,9157.72,8991.98,157103.35,80905,172.92,3021.22,1555.87,3610,1911,209,3653,1917,226,,,,S,,OKCLRK501,TENNESSEE AREA,Y,N,29.98999023,29.98999023,7,9/15/2001,3,WC,0,0,0,,O,9,,U,B,38,60,,R,,4,M,7,,,C,,N,,0,,,,G,U,U,U,U,U,Y,New,,47,1000083
55.19,1087.75,69.99,0,13,5.2,5.2,0,0,20.8,960,0,0,52,20.8,20.8,0,0,109.25,15.6,5.333333333,0,1,0,19.66666667,0,110.3333333,0,51.66666667,0,88,0,3.666666667,3.666666667,2.626666667,16.33333333,0.666666667,625.1066667,0,335.0733333,11,16.39333333,6,21.97333333,55.33333333,0,283.45,0,74.33333333,0,676.73,0,6.333333333,110.3333333,88,0,0,11,0,2,0,21,0,87,0,82,0,65,0,2,2,1.32,16,2,632.55,0,604.73,10,22.57,11,50.8,43,0,200.31,0,82,0,777.52,0,9,87,65,0,0,0,54,2,2,1,U,A,N,,,,9288,33739,3064.01,2992.34,33656,9237,56.46,635.02,174.28,1051,129,50,853,119,51,,,,T,,OKCLRK501,TENNESSEE AREA,Y,N,149.9899902,29.98999023,7,3/13/2001,4,WCMB,0,0,0,3,O,15,S,M,B,58,52,,R,N,3,M,7,1,,C,,,A,1,2,A,Y,U,U,U,U,U,U,Y,New,,233,1000084
93.02,1348.25,75,0,4.75,1.8525,0,1.8525,1.92,36.46,372,0,0,10,3.9,0,3.9,7.68,-165.25,24.65,7.333333333,0,7.333333333,0,69,0,398.3333333,0.666666667,171.6666667,0,317.6666667,0.666666667,0,0,0,72.33333333,0,555.8066667,5.98,436.53,59.33333333,43.71333333,23,90.55333333,454,0.666666667,943.6533333,5.98,32.33333333,0,48.68333333,0,14.66666667,399,318.3333333,0,10.33333333,1,0,2,0,42,0,74,1,16,0,28,1,0,0,0,23,0,284.51,8.97,10.98,7,4.87,9,8.96,39,1,270.4,8.97,8,0,25.09,0,1,75,29,0,4,0,56,1,1,,N,A,N,,,,23248,56408.07333,4933.34,4603.86,56000.07,23081,86.87,1056.61,435.49,1403,615,85,1382,626,81,,,,T,LDD,SANAUS512,CENTRAL/SOUTH TEXAS AREA,T,N,199.9899902,129.9899902,8,12/22/2001,6,WCMB,1,0,1,,O,4,S,M,B,32,36,,R,,2,M,7,2,B,C,,,A,0,,A,,S,U,U,U,U,U,Y,New,,10,1000085
97.59,1804,75,1.485,85,8.5,8.5,0,0,37.21,734,0,2.97,251,25.1,25.1,0,0,-343,20.9,13,0,11,0,69.33333333,0,448.3333333,0,333.6666667,0,359.3333333,0,0,0,0,106.6666667,0,429.6066667,0,742.4166667,133,138.9333333,31.66666667,79.76,584,0,999.74,0,104.6666667,0,172.2833333,0,24,448.3333333,359.3333333,0,28.33333333,6,0,6,0,18,0,108,0,199,0,101,0,0,0,0,62,0,178.95,0,473.3,49,66.26,17,62.94,259,0,528.49,0,31,0,123.76,0,0,108,101,0,13,0,50,1,1,,Y,B,N,,,,48462,87509.44667,4947.72,4695.39,87509.45,48462,95.82,1785.91,989.02,1918,1067,90,1897,1040,94,,,,C,LDD,NSHNSH615,TENNESSEE AREA,N,N,399.9899902,199.9899902,13,1/22/2001,6,WCMB,0,0,0,,O,1,S,U,,24,0,,,,3,M,4,2,,G,,,A,0,,,,N,U,U,U,U,U,Y,New,,175,1000086
79.445,831.25,74.99,4.455,0,0,0,0,0,2.97,358,0,2.97,0,0,0,0,0,118.75,1.485,2,0,2,0,10,0,125.3333333,0,76,0,111.6666667,0,0,0,0,30,0,255.43,0,282.56,37.33333333,22.89666667,13,20.78666667,155,0,374.7066667,0,32.33333333,0,163.2833333,0,4,125.3333333,111.6666667,0,2.333333333,6,0,6,0,12,0,43,0,18,0,20,0,0,0,0,15,0,111.27,0,117.24,7,5.9,6,6.56,9,0,151.85,0,10,0,76.66,0,12,43,20,0,2,0,56,1,1,,U,C,N,,,,13715,35938.10333,4509.02,4491.69,35913.1,13703,81.67,652.97,249.15,792,240,79,834,265,86,,,,C,,DALFTW817,DALLAS AREA,T,N,199.9899902,199.9899902,8,11/13/2001,6,WCMB,0,0,0,,O,7,S,S,B,30,30,,R,,3,M,8,1,A,,,,A,0,,A,,O,U,U,U,U,U,Y,New,,49,1000087
56.315,1010.5,59.99,0,10.25,3.075,3.075,0,0,12.3,315,0,0,41,12.3,12.3,0,0,13.5,-3.075,4,0,2.333333333,0,31.33333333,0,149,0,46.33333333,0,112,0,0.666666667,1.333333333,1.133333333,12.33333333,0,587.4033333,0,151.1,17,16.94333333,19,62.85,76.66666667,0,274.35,0,81,0,464.1466667,0,6.333333333,149,112,0,0.333333333,11,0,4,0,27,0,72,0,16,0,45,0,2,4,3.4,7,0,444.2,0,25.42,8,4.59,6,34.5,20,0,147.66,0,42,0,485.17,0,15,72,45,0,1,0,52,1,1,5,N,B,N,,,,5541,25371,3688.26,3601.16,25277,5499,72.02,505.54,109.98,1006,180,57,908,147,55,,,,S,,OMALNC402,MIDWEST AREA,Y,N,199.9899902,99.98999023,10,09/12/2001,5,WCMB,0,0,0,5,O,6,S,S,B,42,0,,R,N,1,M,1,,,C,,,A,0,,,,N,U,U,U,U,U,Y,UNKNOWN,,4,1000088
79.595,828,75,0,0,0,0,0,2.115,2.44,514,0,0,0,0,0,0,3.2,299,-1.085,10.33333333,0,4,0,32.66666667,0,220.3333333,0,98.66666667,0,175.6666667,0,0.333333333,0.333333333,0.293333333,44.66666667,0.333333333,284.5266667,0,176.5233333,36,30.5,14.33333333,27.28,250,0,427.9633333,0,21.66666667,0,33.08666667,0,14.33333333,220.3333333,175.6666667,0,6.333333333,7,0,6,0,28,0,87,0,15,0,56,0,1,1,0.88,12,1,52.56,0,55.78,14,10.46,12,24.92,53,0,91.83,0,8,0,19.87,0,13,87,56,0,3,0,50,1,1,,Y,A,N,3,9,2.95,26957,47486.04,4001.18,3908.68,47445.04,26934,79.77,968.27,549.67,728,358,80,1003,560,79,,,,S,LDD,KCYKCM816,MIDWEST AREA,Y,R,29.98999023,149.9899902,5,7/31/2000,4,WCMB,1,0,0,2,O,7,S,S,B,52,52,,R,N,6,M,2,1,B,C,,,A,0,,A,Y,S,U,U,U,U,U,Y,New,,350,1000089
30,149.5,30,0,0,0,0,0,0,0,83,0,0,0,0,0,0,0,28.5,0,0.666666667,0,2.666666667,0,12.66666667,0.666666667,91.66666667,0.666666667,2,0,75.66666667,0,0,0,0,1.333333333,0,80.08,0,3.733333333,2,2.33,0,0,46.33333333,0,67.08333333,0,31.33333333,0,16.72666667,0,3.333333333,92.33333333,75.66666667,0,0,1,0,4,0,2,1,31,1,3,0,28,0,0,0,0,2,0,33.96,0,5.6,0,2.88,0,0,32,0,48.05,0,1,0,8.51,0,5,32,28,0,0,1,56,1,1,2,N,B,N,,,,1693,4909,1402.64,1357.16,4835,1671,30.84,109.89,37.98,140,73,30,125,66,30,,,,S,LDD,OMAOMA402,MIDWEST AREA,Y,N,149.9899902,29.98999023,3,8/25/2001,2,WCMB,1,0,0,5,O,10,M,M,B,58,66,,R,,4,M,5,2,B,C,,,B,0,1,,Y,N,U,U,U,U,U,Y,New,,129,1000090
35.305,148,44.99,0,0,0,0,0,0,0.63,225,0,0,0,0,0,0,0,-86,-0.315,1.666666667,0,3,0,11.33333333,0,69,0,13.66666667,0,53.33333333,0,0,0,0,5.333333333,0,70.13666667,0,38.53,7.333333333,4.483333333,3.333333333,12.74,46,0,74.35666667,0,20.66666667,0,34.31,0,4.666666667,69,53.33333333,0,0,1,0,0,0,5,0,38,0,19,0,40,0,0,0,0,6,0,63.6,0,64.06,9,6.92,6,16.03,46,0,108.99,0,13,0,41.24,0,1,38,40,0,0,0,50,1,1,3,N,C,N,,,,8530,14851.02,2629.27,2547.98,14450.02,8345,53.08,301.04,173.85,177,79,36,172,79,36,,1,1,S,,KCYKCK913,MIDWEST AREA,N,R,39.98999023,39.98999023,3,8/19/2000,2,WC,0,0,0,,O,7,S,U,B,50,50,,R,,3,M,6,2,,I,,N,A,0,,,Y,S,U,U,U,U,U,Y,UNKNOWN,391,331,1000091
40.7125,364.75,34.98,0.495,0.75,0.1725,0.1725,0,0,6.99,156,0,0.99,3,0.69,0.69,0,0,-30.75,-2.4825,1,0,7,0,28.33333333,0,118,0,76.66666667,0,82,0,3.333333333,27,24.70333333,43.33333333,0,129.7333333,0,99.85666667,9.333333333,5.666666667,2,1.126666667,95.66666667,0,121.39,0,62.66666667,0,108.2,0,8,118,82,0,0.333333333,0,0,21,0,23,0,60,0,34,0,24,0,7,68,63.9,15,0,112.27,0,51.87,12,10.26,2,0.85,46,0,79.26,0,7,0,46.47,0,21,60,24,0,1,0,50,1,1,2,U,B,N,,,,11530,20402.21667,2039.23,1940.11,20243.22,11410,41.28,430.71,242.77,375,217,42,341,196,39,,,,T,,KCYWIC316,MIDWEST AREA,N,R,9.989997864,9.989997864,3,09/10/1999,2,NA,0,0,0,1,O,2,S,M,B,32,32,Y,R,Y,4,M,5,2,,C,,,A,1,1,,,N,Y,Y,Y,U,U,Y,UNKNOWN,,675,1000092
72.81,1306,77.8975,0,0,0,0,0,0,101.72,1341,108.37,0,0,0,0,0,0,-462,-76.29,2,0,1,0,10.33333333,0,122,2,74.33333333,0,109.3333333,2,1.666666667,6.666666667,5.4,24.66666667,0,442.2633333,1.55,809.0766667,25.33333333,16.72,0,0,76.33333333,0,327.4766667,0,106,2,923.8633333,1.55,3,124,111.3333333,0,4.666666667,2,0,3,0,19,0,113,3,90,0,101,3,4,18,14.37,30,0,524.51,3.73,1226.38,21,18.9,0,0,73,0,470.09,0,99,3,587.22,3.73,5,116,104,0,7,0,52,2,2,2,N,BA,N,,,,23298,88248,5455.38,5311.83,87209,22641,108.4,1779.78,462.06,1460,168,98,1719,178,94,,,,S,,KCYKCM816,MIDWEST AREA,N,R,79.98999023,129.9899902,9,4/23/2001,6,WCMB,0,0,0,2,O,1,S,S,,24,0,,,N,1,M,7,1,G,C,,,A,0,,,,O,U,U,U,U,U,Y,New,,146,1000093
75.7325,492.75,84.99,0.7425,0,0,0,0,0,2.97,316,0,2.97,0,0,0,0,0,-195.75,-0.7425,2.666666667,0,1.666666667,0,12,0,101.6666667,0,1.333333333,0,85.33333333,0,0,0,0,0.666666667,0,414.6333333,0,1.8,1,0.976666667,0,0,61,0,305.7166667,0,25.66666667,0,110.7166667,0,4.333333333,101.6666667,85.33333333,0,0.333333333,6,0,1,0,14,0,57,0,3,0,41,0,0,0,0,1,0,210.44,0,5.08,2,1.51,0,0,13,0,138.54,0,33,0,142.05,0,5,57,41,0,1,0,52,1,1,,N,A,N,,,,2987,18586,2898.72,2795.97,18057,2930,57.06,368.51,59.8,558,103,76,567,101,105,,,,T,LDD,INDIND317,OHIO AREA,Y,N,199.9899902,29.98999023,5,04/11/2001,5,WCMB,0,0,0,,O,6,S,A,B,48,38,,R,Y,2,M,9,,,C,,,A,0,,,,U,U,U,U,U,U,Y,UNKNOWN,,158,1000094
49.99,820.5,59.99,0,1.5,0,0,0,0,0,175,0,0,6,0,0,0,0,26.5,0,1.666666667,0,11,0,33.33333333,0,158.3333333,0,34.66666667,0,113.3333333,0,6.666666667,6.666666667,4.303333333,11.66666667,0,483.2533333,0,138.9833333,17.66666667,15.74333333,1.666666667,4.533333333,100.3333333,0,408.0966667,0,46.66666667,0,214.14,0,12.66666667,158.3333333,113.3333333,0,4,1,0,0,0,4,0,7,0,7,0,4,0,8,8,6.52,4,0,202.36,0,19.18,4,3.35,5,13.6,5,0,44.17,0,2,0,265.71,0,1,7,4,0,3,0,56,1,1,,N,A,N,,,,12808,43342,4414.7,4331.1,43025,12704,78.75,782.27,230.98,812,157,50,847,177,50,,,,T,LDD,NSHNSH615,TENNESSEE AREA,Y,N,149.9899902,29.98999023,3,10/07/2000,3,WCMB,1,0,0,1,O,9,M,M,B,48,44,Y,R,Y,3,M,7,1,B,C,,,A,1,1,E,,S,U,U,U,Y,Y,Y,New,,451,1000095
23.5,33.75,15,0,30.5,7.625,7.625,0,0,10.25,42,0,0,43,10.75,10.75,0,0,19.25,4,0,0,0.333333333,0,0.666666667,0,23,0,0,0,22,0,0.333333333,0.333333333,0.293333333,0,0,10.12666667,0,0,15.66666667,1.823333333,0,0,18.33333333,0,9.076666667,0,3.666666667,0,1.05,0,0.333333333,23,22,0,0,0,0,1,0,1,0,4,0,0,0,2,0,1,1,0.88,0,0,12.31,0,0,9,1.59,0,0,2,0,10.24,0,1,0,2.07,0,1,4,2,0,0,0,52,1,1,,Y,A,N,,,,554,787,990.88,973.88,784,551,19.1,15.37,10.8,27,21,22,22,16,20,,,,S,LDD,DALFTW817,DALLAS AREA,N,N,29.98999023,,1,,1,NA,1,0,0,,O,14,S,M,B,68,68,,R,,3,M,6,1,B,C,N,,A,0,,A,,F,U,U,U,U,U,Y,New,,1583,1000096
29.99,148.5,29.99,0,0,0,0,0,0,0,73,0,0,0,0,0,0,0,20.5,0,6,0,1.333333333,0,11,0,83,0,9.666666667,0,65,0,0.666666667,1.666666667,1.046666667,7,1,82.13333333,0,7.2,6,4.66,0,0,65.66666667,0,84.23,0,7,0,5.103333333,0,7.333333333,83,65,0,0,7,0,4,0,6,0,23,0,9,0,27,0,2,5,3.14,5,0,12.12,0,12.64,5,5.06,0,0,36,0,24.9,0,2,0,5.29,0,11,23,27,0,0,0,54,1,1,,Y,C,N,,,,2144,4951,1536.65,1508.79,4946,2139,28.47,93.32,40.36,142,77,30,152,79,30,,,,,,DENDEN303,NORTHWEST/ROCKY MOUNTAIN AREA,Y,N,129.9899902,29.98999023,4,5/23/2000,4,WCMB,1,0,0,,O,2,,B,,56,0,,,,1,M,1,1,B,C,,,,0,,,,J,U,U,U,U,U,N,New,,527,1000097
94.135,1216.25,75,2.7225,0,0,0,0,0,34.78,512,0,2.97,0,0,0,0,0,-244.25,17.085,10.33333333,0,13.66666667,0,88,0,525.3333333,0,101.6666667,0,415,0,0,0,0,34.66666667,0,671.3033333,0,256.5766667,27.66666667,51.51666667,4.666666667,12.63333333,385,0,698.95,0,130,0,228.93,0,24,525.3333333,415,0.333333333,5.333333333,11,0,10,0,15,0,89,0,28,0,81,0,0,0,0,10,0,108.88,0,98.31,26,8.53,1,10.47,61,0,37.19,0,77,0,135.4,0,2,89,81,1,4,1,52,2,1,4,N,A,N,,,,26723,58683.05,4316.34,4220.44,58619.05,26685,82.75,1149.39,523.24,1298,595,88,1259,592,85,,,,S,,SANAUS512,CENTRAL/SOUTH TEXAS AREA,Y,N,59.98999023,29.98999023,5,07/02/1999,2,WCMB,1,0,1,1,O,1,S,M,B,30,36,,R,N,2,M,6,,B,C,,,A,0,,A,,N,U,U,U,U,U,Y,New,,807,1000098
103.2825,1376,84.99,0.7425,38,15.2,15.2,0,7.6625,71.19,721,0,0.99,152,60.8,60.8,0,30.65,355,52.8975,5.666666667,0,7.333333333,0,52.66666667,0.666666667,338,0.666666667,63.66666667,0,274,0,3,4,2.35,28.33333333,0,812.46,0,188.09,30,47.93666667,5.333333333,42.09333333,211.3333333,0,563.58,0,124.6666667,0,436.97,0,13,338.6666667,274,0,2.333333333,1,0,4,0,10,1,93,1,7,0,84,0,0,0,0.24,8,0,63.81,0,8.85,15,36.52,2,52.16,11,0,108.87,0,82,0,181.53,0,3,94,84,0,2,0,56,2,1,,N,A,N,,,,13174,39348,4984.62,4870.35,38608,12942,90.19,714.96,239.67,1258,333,86,1500,427,137,,,,S,,SANSAN210,CENTRAL/SOUTH TEXAS AREA,Y,N,79.98999023,29.98999023,2,3/20/2000,2,WCMB,0,0,0,,O,4,S,M,,48,0,,,Y,1,M,4,2,,C,,,A,0,,A,,N,U,U,U,Y,Y,Y,UNKNOWN,,652,1000099
71.8575,537.5,75,0.495,0,0,0,0,0,1.98,240,0,1.98,0,0,0,0,0,58.5,-0.6075,6,0,3.333333333,0,13.33333333,0,117.3333333,0,39.66666667,0,97.33333333,0,0,0,0,14,0,190.4066667,0,99.72,31.33333333,35.34333333,7,16.44,113.3333333,0,252.8066667,0,21,0,37.32,0,9.333333333,117.3333333,97.33333333,0,3.666666667,6,0,3,0,19,0,77,0,22,0,50,0,0,0,0,6,0,59.48,0,67.39,21,38.31,11,36.27,56,0,92.12,0,25,0,54.38,0,7,77,50,0,4,0,54,3,2,,Y,A,N,,,,13749,46945.17,4413.79,4308.26,46806.17,13693,81.29,883.14,258.36,518,185,72,604,204,79,,,,R,LDD,SANSAN210,CENTRAL/SOUTH TEXAS AREA,Y,N,149.9899902,9.989997864,4,5/24/2001,3,WCMB,1,0,1,7,O,4,S,M,B,40,40,Y,R,Y,2,M,7,1,B,I,,,A,0,2,,Y,O,U,U,U,Y,Y,Y,New,,161,1000100
